ID_MetodoPago,TipoPago,NombreBanco,FechaExpiracion
1,diners-club-us-ca,"Hudson, Bruen and Johns",2026-02
2,bankcard,Reichel-Hammes,2028-03
3,jcb,Zemlak-Barton,2027-04
4,jcb,Kuphal-Daniel,2026-04
5,jcb,Stroman-Corwin,2026-08
6,jcb,"O'Hara, Metz and Herman",2028-03
7,bankcard,"Hand, Anderson and Volkman",2027-10
8,china-unionpay,"Stamm, Abshire and Franecki",2027-07
9,jcb,Stark and Sons,2027-12
10,diners-club-us-ca,"Bogisich, Blanda and Metz",2026-08
11,bankcard,O'Reilly-Hoppe,2026-05
12,switch,Rice-Flatley,2027-05
13,maestro,Lang-Spencer,2026-09
14,visa-electron,"Hoeger, Hilpert and Bergstrom",2027-07
15,americanexpress,Schiller-Beier,2026-03
16,americanexpress,"Nader, Crooks and Schaden",2028-01
17,maestro,Stark-Kozey,2025-12
18,visa-electron,"Feil, Kohler and Christiansen",2027-07
19,switch,"Ullrich, Abernathy and Collins",2025-11
20,diners-club-enroute,"Harris, Collier and McCullough",2028-06
21,mastercard,Toy LLC,2027-03
22,solo,Swaniawski-Leuschke,2028-05
23,instapayment,Stamm LLC,2028-01
24,jcb,"Oberbrunner, Johnson and Turner",2025-10
25,jcb,Jerde and Sons,2026-08
26,jcb,"Kling, Lockman and Veum",2026-02
27,jcb,"Keeling, Stoltenberg and Koelpin",2027-09
28,jcb,O'Kon Inc,2026-08
29,switch,"Von, Gutkowski and King",2027-02
30,jcb,"Schultz, Medhurst and Cormier",2027-02
31,americanexpress,Hammes-Towne,2027-04
32,jcb,Bogan-Bogan,2025-11
33,jcb,Schiller and Sons,2027-02
34,jcb,Schultz Group,2028-08
35,visa-electron,Douglas-Gottlieb,2026-02
36,diners-club-carte-blanche,"Dibbert, Koelpin and Ferry",2025-11
37,jcb,Reichert Inc,2025-11
38,visa-electron,Gerhold-McGlynn,2028-06
39,solo,Schumm-Hirthe,2026-04
40,jcb,"Beier, Feeney and Monahan",2025-11
41,diners-club-us-ca,"Schimmel, Weimann and Witting",2028-09
42,jcb,Batz LLC,2026-08
43,bankcard,"Blanda, MacGyver and Casper",2028-08
44,jcb,Bayer-Rowe,2028-02
45,bankcard,Keebler LLC,2027-11
46,jcb,Kautzer-Brekke,2025-10
47,jcb,"Lubowitz, Carroll and Boyer",2028-08
48,jcb,Jacobson-Mosciski,2027-09
49,visa-electron,Krajcik-Dare,2028-03
50,switch,Zieme-Marks,2027-01
51,maestro,"Abshire, Johnston and Schuppe",2027-10
52,jcb,"Morar, Wisozk and Swift",2026-10
53,americanexpress,Dach Group,2026-07
54,jcb,"Hessel, Hodkiewicz and Stanton",2026-10
55,mastercard,Torp-Heidenreich,2028-09
56,diners-club-enroute,Feil-Schoen,2028-03
57,bankcard,Hahn and Sons,2027-10
58,mastercard,Weimann LLC,2026-01
59,jcb,"Reinger, Marvin and Friesen",2028-04
60,americanexpress,Herman and Sons,2026-06
61,jcb,Corkery Inc,2027-01
62,switch,"Stehr, Hyatt and Cole",2027-07
63,jcb,"Hand, Fay and Prohaska",2028-02
64,china-unionpay,"Streich, Orn and Gislason",2028-06
65,jcb,Wunsch-Armstrong,2026-02
66,jcb,"Auer, Murphy and Wisozk",2028-08
67,diners-club-us-ca,"Jacobson, Rice and Wolf",2028-04
68,jcb,Sauer-Altenwerth,2027-04
69,jcb,Cartwright-Mitchell,2027-03
70,instapayment,"Spinka, Gutkowski and Schroeder",2028-09
71,china-unionpay,Feeney LLC,2028-08
72,jcb,Mertz and Sons,2027-11
73,jcb,Macejkovic Group,2027-09
74,jcb,"Pfeffer, Christiansen and Cassin",2026-09
75,diners-club-international,Sauer-Streich,2026-08
76,jcb,Hermiston-Baumbach,2027-04
77,diners-club-enroute,Botsford Group,2028-05
78,instapayment,"Roberts, Lowe and Medhurst",2027-07
79,maestro,Wuckert and Sons,2025-10
80,jcb,"Price, Roob and Morar",2026-10
81,bankcard,Langosh-Reynolds,2027-05
82,jcb,Stamm-Ondricka,2028-08
83,laser,"Kerluke, O'Kon and Barton",2026-02
84,jcb,Rice Group,2027-07
85,jcb,Connelly-Raynor,2028-05
86,jcb,Fisher-Haag,2027-03
87,mastercard,Heidenreich Group,2028-05
88,laser,Pouros-Becker,2025-12
89,jcb,Pouros and Sons,2026-08
90,maestro,Sawayn Group,2028-04
91,jcb,"Wyman, Dach and Bogan",2027-03
92,instapayment,Zemlak-Champlin,2027-07
93,jcb,Russel Inc,2028-02
94,jcb,Russel-Cremin,2027-12
95,maestro,"Schamberger, Ernser and White",2026-09
96,bankcard,Kerluke and Sons,2027-07
97,china-unionpay,Maggio-Dare,2026-12
98,jcb,Bahringer-Rippin,2028-07
99,maestro,Aufderhar-Bosco,2026-02
100,switch,"Boyle, Hauck and Cremin",2026-08
101,americanexpress,Raynor and Sons,2028-04
102,jcb,"Metz, Zieme and Sauer",2026-02
103,bankcard,Watsica-Hammes,2026-10
104,china-unionpay,Zieme-Bogan,2028-09
105,jcb,Medhurst-Daugherty,2025-10
106,jcb,"Wehner, Hilll and Corkery",2027-02
107,diners-club-us-ca,Kihn Group,2026-06
108,jcb,Marvin Inc,2026-02
109,maestro,Hickle-Fritsch,2026-08
110,jcb,"Keeling, Effertz and Balistreri",2026-04
111,instapayment,O'Hara and Sons,2026-07
112,jcb,Boyer-Kihn,2027-09
113,visa,Gorczany Inc,2025-12
114,maestro,Schamberger Group,2025-11
115,jcb,"Bartoletti, Quigley and Fadel",2027-01
116,visa-electron,Prohaska-Upton,2026-08
117,diners-club-us-ca,"Dicki, Corkery and Gorczany",2028-07
118,mastercard,Hirthe-Larson,2028-09
119,jcb,Brakus LLC,2026-06
120,solo,Bogisich-Mills,2027-06
121,china-unionpay,"Shanahan, Hammes and Kemmer",2026-06
122,laser,Murray and Sons,2027-04
123,jcb,Ullrich-Schaden,2027-03
124,mastercard,Jones-Schumm,2026-11
125,jcb,Raynor Inc,2028-06
126,laser,Beahan-Parker,2026-08
127,china-unionpay,Sauer-Pouros,2028-08
128,americanexpress,"Bradtke, Stoltenberg and Strosin",2028-10
129,jcb,Beahan-Haag,2028-03
130,jcb,"McDermott, Ward and Berge",2026-02
131,jcb,Kerluke-Collins,2028-09
132,visa-electron,Kilback-Kulas,2028-08
133,maestro,Spencer and Sons,2025-10
134,jcb,Funk-Buckridge,2026-08
135,diners-club-us-ca,Dicki-Ernser,2026-07
136,laser,Kling and Sons,2026-09
137,visa-electron,Treutel Group,2026-04
138,jcb,Gislason-O'Reilly,2027-08
139,jcb,Monahan-Swift,2027-03
140,solo,Ortiz-Bernhard,2027-09
141,jcb,Prohaska Group,2028-03
142,jcb,"Hintz, Ferry and Stokes",2026-05
143,jcb,"Casper, Walker and Olson",2025-12
144,jcb,Stehr-Bruen,2026-05
145,china-unionpay,Effertz-Hackett,2025-11
146,mastercard,Murray LLC,2026-10
147,visa,Quigley LLC,2027-11
148,jcb,"MacGyver, Larkin and Becker",2026-09
149,bankcard,"Pfannerstill, Ratke and Metz",2027-04
150,jcb,"Homenick, Heller and Spencer",2027-08
151,americanexpress,Boyer-O'Keefe,2026-07
152,mastercard,"Miller, Leffler and Stroman",2026-08
153,maestro,Gutkowski-Huel,2028-10
154,jcb,Beier-Kutch,2026-12
155,jcb,Stokes Group,2026-03
156,mastercard,Kuvalis-Collins,2027-12
157,bankcard,Cassin Group,2025-12
158,jcb,Heaney-Ferry,2026-06
159,jcb,Oberbrunner Group,2025-12
160,diners-club-us-ca,Considine Group,2027-04
161,jcb,"Morar, Lynch and Pouros",2026-08
162,maestro,Gorczany Inc,2028-02
163,jcb,"Hammes, Wuckert and Altenwerth",2027-08
164,jcb,Stracke Group,2026-05
165,americanexpress,"Kemmer, Bode and Green",2028-02
166,jcb,Kris-Connelly,2027-12
167,jcb,Quigley LLC,2027-06
168,mastercard,"Bradtke, Nienow and Osinski",2027-10
169,jcb,"Cronin, Carter and Howell",2028-09
170,mastercard,Gutkowski Group,2026-09
171,jcb,McKenzie LLC,2026-07
172,visa,Quigley LLC,2026-01
173,maestro,"Veum, Heaney and Douglas",2026-08
174,instapayment,Becker-Marquardt,2027-02
175,jcb,"Veum, Jones and Greenfelder",2027-10
176,diners-club-carte-blanche,Heathcote-Lemke,2028-07
177,jcb,"Dibbert, Wolf and Schoen",2026-07
178,diners-club-carte-blanche,"Kerluke, Labadie and Morar",2028-09
179,jcb,Konopelski-Quigley,2026-08
180,jcb,Hudson LLC,2027-05
181,jcb,Deckow Inc,2028-02
182,jcb,Walker and Sons,2028-02
183,visa,"Hyatt, Fadel and Schaden",2028-07
184,mastercard,Hessel and Sons,2027-01
185,jcb,Ortiz Group,2027-08
186,switch,"Balistreri, Torp and Hand",2027-10
187,maestro,Bauch-Abernathy,2028-03
188,jcb,Daniel-Rau,2027-08
189,maestro,O'Hara Inc,2028-03
190,jcb,Kuhic LLC,2026-10
191,jcb,Osinski-Block,2026-02
192,jcb,Blick Inc,2028-05
193,bankcard,Feest and Sons,2026-10
194,switch,"Lynch, Durgan and Beahan",2028-05
195,jcb,"Yost, Lakin and Walter",2026-06
196,mastercard,Roberts-Harvey,2027-10
197,switch,Armstrong Group,2026-08
198,china-unionpay,Shanahan Group,2028-08
199,jcb,"Stracke, Bashirian and Tremblay",2027-01
200,solo,McKenzie-Marquardt,2027-07
201,visa-electron,Walsh Group,2027-07
202,jcb,"Heaney, Rolfson and Streich",2025-12
203,solo,Fadel and Sons,2025-10
204,jcb,"Funk, Gleason and Breitenberg",2027-08
205,americanexpress,Hermiston Group,2026-06
206,diners-club-enroute,"Botsford, Predovic and Gerhold",2027-12
207,jcb,"Bradtke, Simonis and Mann",2026-11
208,switch,Champlin-Stracke,2027-08
209,jcb,"Thiel, Ratke and Kovacek",2027-05
210,jcb,Lynch LLC,2027-04
211,americanexpress,"Mosciski, Zieme and Mante",2028-08
212,bankcard,Rippin Group,2025-11
213,jcb,Abshire-Goyette,2026-09
214,switch,"Cole, Klein and Harber",2026-10
215,jcb,"Powlowski, Ondricka and Wisoky",2026-03
216,jcb,Robel-Kiehn,2025-11
217,americanexpress,Bogan Group,2025-11
218,jcb,"Krajcik, Bogisich and McGlynn",2026-06
219,jcb,Stoltenberg-Boyle,2025-12
220,americanexpress,Medhurst-Breitenberg,2028-08
221,mastercard,Robel Group,2026-03
222,laser,"White, Oberbrunner and Hills",2028-01
223,jcb,"Schmidt, Graham and Doyle",2026-12
224,jcb,Bergstrom Group,2026-11
225,maestro,Schmitt Group,2025-11
226,switch,Keeling LLC,2027-06
227,switch,"Lehner, Blick and Morissette",2026-04
228,jcb,Kautzer and Sons,2026-10
229,mastercard,"Prohaska, Conroy and Nolan",2026-05
230,jcb,Hahn-Shields,2028-08
231,diners-club-enroute,Borer-Schimmel,2028-02
232,switch,"Durgan, Kulas and Boyle",2028-02
233,jcb,Zulauf Group,2027-12
234,jcb,Sipes-Welch,2027-10
235,jcb,"Kulas, Orn and Strosin",2026-08
236,switch,"Flatley, Kessler and Will",2028-01
237,maestro,Wilderman-McKenzie,2028-05
238,maestro,"Walter, Tremblay and Becker",2026-09
239,jcb,Greenfelder-Cummings,2027-08
240,diners-club-international,Mann-Ernser,2025-10
241,jcb,Hoeger LLC,2026-02
242,jcb,Kessler-Medhurst,2027-08
243,jcb,"Spencer, Shanahan and Klocko",2028-05
244,visa-electron,"Ferry, Wyman and Ritchie",2028-05
245,americanexpress,Haley-Auer,2028-01
246,diners-club-carte-blanche,Padberg-Thompson,2027-06
247,jcb,Dooley LLC,2027-05
248,bankcard,Koch-Flatley,2027-08
249,bankcard,Zieme-Lebsack,2027-11
250,china-unionpay,Haag-Miller,2025-12
251,solo,Terry-Hettinger,2027-08
252,jcb,Williamson-Rau,2026-01
253,mastercard,"Rippin, Spencer and Wunsch",2027-10
254,jcb,Tromp Inc,2026-03
255,jcb,Boyer-Schmeler,2026-09
256,diners-club-enroute,Hamill Group,2026-02
257,visa-electron,Bednar and Sons,2027-03
258,laser,"Mann, Ritchie and Monahan",2028-04
259,laser,Gutkowski-Wintheiser,2026-03
260,maestro,"Stehr, Auer and Shields",2026-04
261,jcb,Okuneva-Connelly,2025-12
262,jcb,Zboncak and Sons,2027-12
263,jcb,Larson Group,2028-07
264,visa,Mohr-Swaniawski,2028-05
265,americanexpress,"Littel, Frami and Orn",2026-03
266,jcb,Russel LLC,2028-01
267,jcb,McGlynn LLC,2027-09
268,jcb,Ritchie Inc,2028-10
269,jcb,Marks Inc,2027-10
270,visa-electron,Wiegand-O'Reilly,2027-09
271,mastercard,Stanton-Grant,2027-10
272,jcb,Marks Group,2026-05
273,visa-electron,Rohan-Schmitt,2027-07
274,americanexpress,"Strosin, Kulas and Casper",2027-07
275,jcb,Ryan Inc,2027-08
276,jcb,"Fahey, Turcotte and Cummings",2025-10
277,jcb,"Funk, Walker and Spencer",2027-11
278,mastercard,Wyman-Heaney,2027-04
279,laser,"Grant, Langworth and Bins",2028-04
280,jcb,"Will, Daugherty and Raynor",2027-10
281,jcb,Treutel-Mosciski,2027-08
282,jcb,Ritchie-Zulauf,2027-04
283,jcb,Flatley Inc,2028-04
284,jcb,Vandervort-Dach,2026-08
285,mastercard,"Ledner, Walsh and Emard",2026-07
286,maestro,Labadie-Bins,2027-11
287,jcb,"Rowe, Schulist and Welch",2028-01
288,diners-club-enroute,Powlowski-Greenfelder,2027-07
289,switch,Little-Parker,2026-06
290,mastercard,Hartmann-Reichel,2027-03
291,jcb,Wintheiser-Daugherty,2027-07
292,jcb,Larkin Inc,2027-02
293,mastercard,"Tillman, Lang and Ryan",2027-09
294,mastercard,Skiles-Mraz,2026-07
295,jcb,Ankunding Inc,2028-09
296,jcb,"Gulgowski, Upton and Wyman",2028-01
297,jcb,"Turner, D'Amore and Prohaska",2027-10
298,visa-electron,"Kuhic, Schulist and Kreiger",2026-02
299,maestro,Ruecker-Yundt,2027-11
300,visa-electron,Hackett-Turcotte,2027-06
301,jcb,Buckridge-Jacobs,2027-05
302,americanexpress,Lehner-Veum,2027-02
303,mastercard,"Considine, Gerhold and Bogisich",2028-08
304,jcb,Rohan LLC,2026-06
305,maestro,"Ernser, Gerlach and Schumm",2028-02
306,diners-club-enroute,Bradtke-Mitchell,2027-10
307,diners-club-carte-blanche,"Heaney, Rowe and Casper",2027-10
308,jcb,Dietrich and Sons,2027-01
309,jcb,Hamill-Schinner,2027-07
310,jcb,Yost Group,2027-02
311,visa-electron,Dickens-Kautzer,2026-03
312,jcb,Kshlerin-Batz,2026-12
313,jcb,"Nicolas, Balistreri and Kris",2028-05
314,jcb,Cole Group,2026-09
315,jcb,"Ferry, Boyle and Adams",2025-10
316,maestro,Grady LLC,2028-03
317,jcb,"Kozey, Gleason and Stoltenberg",2028-02
318,jcb,Herzog-Gulgowski,2025-12
319,maestro,"Friesen, Pfannerstill and Kohler",2028-04
320,americanexpress,"Gulgowski, Johnston and O'Conner",2026-09
321,jcb,Tromp Group,2026-11
322,jcb,"Weimann, Powlowski and Wunsch",2025-11
323,bankcard,"Gislason, Ziemann and Larson",2026-11
324,jcb,Dooley Inc,2026-07
325,maestro,Kertzmann-Kautzer,2027-09
326,bankcard,Robel-Willms,2027-11
327,jcb,Breitenberg-Powlowski,2026-08
328,diners-club-carte-blanche,Howe LLC,2028-04
329,jcb,Schamberger-Schroeder,2027-08
330,jcb,VonRueden LLC,2027-06
331,diners-club-international,Schimmel Inc,2027-01
332,switch,Wiegand and Sons,2026-07
333,jcb,Leuschke Group,2025-12
334,mastercard,Will and Sons,2026-08
335,mastercard,Brakus Inc,2028-05
336,jcb,Gusikowski-Cummerata,2028-01
337,mastercard,Waelchi LLC,2028-06
338,diners-club-carte-blanche,"Murphy, Okuneva and Fisher",2027-04
339,switch,Bode-Fisher,2026-12
340,laser,"Veum, Feil and McLaughlin",2026-09
341,visa-electron,Buckridge-Adams,2028-02
342,visa-electron,Aufderhar Inc,2026-10
343,solo,Huel-Heller,2027-11
344,visa-electron,Schiller-Glover,2028-04
345,switch,Abbott LLC,2028-07
346,jcb,Schneider Group,2026-11
347,mastercard,Ryan-Brown,2026-01
348,jcb,"Will, Schmeler and Bode",2027-05
349,china-unionpay,"Hermiston, Stracke and Kuphal",2028-06
350,maestro,DuBuque LLC,2026-10
351,jcb,Brekke-Dooley,2028-06
352,maestro,Hilll-Altenwerth,2026-07
353,jcb,Gerlach Group,2027-10
354,jcb,Stehr LLC,2027-05
355,switch,"Flatley, Wintheiser and Schuster",2028-09
356,visa,Cartwright-Prosacco,2025-10
357,jcb,Johnson-Flatley,2025-10
358,diners-club-carte-blanche,"Feeney, Bechtelar and Kub",2027-07
359,jcb,Lubowitz-Parker,2026-01
360,jcb,Kertzmann LLC,2026-04
361,visa-electron,Grant Group,2026-09
362,jcb,Ortiz-Nienow,2026-03
363,jcb,Considine-Kuhlman,2026-03
364,jcb,"Hilll, Rolfson and Grant",2025-12
365,jcb,Bernhard Inc,2027-05
366,jcb,"Effertz, Huels and MacGyver",2028-07
367,maestro,Bayer-McClure,2027-10
368,jcb,Romaguera and Sons,2026-07
369,jcb,"Lowe, Feeney and Gottlieb",2026-12
370,jcb,Rempel-Tillman,2028-01
371,mastercard,Haley Group,2025-11
372,mastercard,"Hessel, Kirlin and Aufderhar",2027-07
373,china-unionpay,Kuhn-Crona,2027-03
374,instapayment,Blick-Hayes,2026-10
375,switch,Jakubowski Group,2026-04
376,jcb,Hammes and Sons,2027-03
377,jcb,Mayert LLC,2028-08
378,visa-electron,"Stark, Blanda and Beier",2028-02
379,laser,"Pacocha, Thiel and Hansen",2028-05
380,jcb,Hodkiewicz-Graham,2027-09
381,jcb,Williamson LLC,2026-04
382,maestro,Howell Inc,2026-08
383,jcb,Schimmel-Waelchi,2027-07
384,visa,Fisher-Moen,2026-05
385,laser,Kovacek-Quitzon,2026-09
386,jcb,Abernathy LLC,2027-08
387,jcb,"Witting, Schowalter and Adams",2027-01
388,jcb,Jast Inc,2027-10
389,jcb,Romaguera Group,2026-09
390,jcb,Wyman Group,2026-07
391,mastercard,"Steuber, Dicki and Smitham",2028-07
392,jcb,"Rutherford, Connelly and Mante",2028-01
393,jcb,Olson-Barton,2025-12
394,switch,"Botsford, Herman and Denesik",2026-01
395,mastercard,"Hamill, Bode and Bailey",2028-07
396,switch,Ward-Halvorson,2027-11
397,switch,"Terry, Dach and Hansen",2028-08
398,bankcard,Kiehn-Bernier,2026-05
399,jcb,Fadel Group,2026-02
400,switch,McKenzie-Aufderhar,2028-07
401,jcb,"Lebsack, Beatty and Collins",2026-02
402,bankcard,Rodriguez-Macejkovic,2026-10
403,instapayment,"Lemke, Abernathy and Champlin",2026-10
404,visa-electron,"Ullrich, Zieme and Huels",2026-03
405,mastercard,Gerlach-Kling,2027-11
406,laser,Terry Inc,2026-09
407,mastercard,Lebsack-Bernier,2028-07
408,visa,"Schmitt, Murazik and Gibson",2027-12
409,switch,Denesik-Berge,2026-10
410,mastercard,Ziemann Inc,2025-12
411,jcb,Luettgen Group,2028-01
412,bankcard,Wisoky-Towne,2026-04
413,jcb,Langosh and Sons,2028-09
414,jcb,Abshire Inc,2028-06
415,americanexpress,Sauer LLC,2026-10
416,jcb,Veum LLC,2026-03
417,maestro,"Blanda, Schulist and Maggio",2026-09
418,jcb,"Glover, Turner and Romaguera",2027-02
419,jcb,Feil and Sons,2026-07
420,jcb,Mann LLC,2027-02
421,jcb,"Rohan, Torp and Kassulke",2027-12
422,bankcard,Little Inc,2027-08
423,mastercard,"Okuneva, Brakus and Sipes",2027-02
424,jcb,Goyette-Reynolds,2026-11
425,jcb,Rippin-Lemke,2027-07
426,maestro,"Kihn, Breitenberg and Kassulke",2028-06
427,visa-electron,Zieme LLC,2028-05
428,jcb,"Kuvalis, Collier and Jakubowski",2027-07
429,maestro,Emard Group,2027-03
430,jcb,Olson-Brown,2025-10
431,jcb,Senger Inc,2027-05
432,jcb,"Ankunding, Padberg and O'Reilly",2026-01
433,jcb,Legros and Sons,2027-10
434,visa-electron,Hessel-Lakin,2026-03
435,jcb,Lindgren-Effertz,2026-06
436,jcb,"Medhurst, Gleichner and Auer",2025-12
437,jcb,Wisozk and Sons,2028-01
438,jcb,"Berge, Rolfson and Crooks",2025-12
439,switch,"Willms, Howe and Kohler",2025-10
440,diners-club-international,Homenick-Weber,2026-09
441,instapayment,"Bartoletti, Ziemann and Waelchi",2026-08
442,diners-club-enroute,Little-Williamson,2027-10
443,jcb,McClure and Sons,2026-07
444,maestro,Zboncak-Romaguera,2028-02
445,americanexpress,"Hettinger, Vandervort and Bernhard",2027-03
446,jcb,"Keebler, Wilkinson and Runte",2025-10
447,jcb,Beahan and Sons,2025-10
448,jcb,Bergnaum Group,2028-08
449,maestro,"Mills, Jast and Hayes",2026-07
450,jcb,Rowe-Mayer,2028-08
451,instapayment,"Cole, Brown and Harber",2026-03
452,jcb,Luettgen-Gorczany,2026-09
453,jcb,Schmitt LLC,2027-10
454,jcb,Hilll LLC,2028-06
455,laser,"Lockman, Renner and Ebert",2027-04
456,maestro,Collins-Senger,2025-11
457,jcb,Russel Inc,2027-09
458,laser,"Douglas, Lockman and Larson",2027-10
459,diners-club-carte-blanche,Gulgowski Inc,2028-04
460,jcb,Boyer-Veum,2027-07
461,jcb,"Gulgowski, Schmeler and Farrell",2026-06
462,china-unionpay,"Ward, Padberg and Keeling",2027-12
463,jcb,"Bode, Emard and Wolf",2025-10
464,visa,"Mills, Prohaska and Crona",2027-08
465,jcb,Mayert-Dach,2027-02
466,jcb,"Hahn, Donnelly and Towne",2027-05
467,jcb,Buckridge-Nolan,2026-01
468,maestro,Satterfield-Torphy,2028-04
469,jcb,Christiansen LLC,2027-03
470,jcb,"Littel, Mertz and Connelly",2028-06
471,visa-electron,Goodwin LLC,2028-09
472,china-unionpay,Bruen Group,2027-08
473,jcb,Cartwright-Dickinson,2027-06
474,laser,"Wilkinson, Haag and Braun",2026-07
475,bankcard,Rowe-Kreiger,2027-03
476,americanexpress,Orn-Russel,2027-03
477,bankcard,Stokes Inc,2026-09
478,diners-club-carte-blanche,Mills-Keeling,2026-10
479,jcb,"Hammes, Rau and Weber",2027-07
480,americanexpress,Borer Inc,2028-05
481,jcb,Wuckert-Heaney,2027-09
482,americanexpress,Sipes Group,2026-04
483,jcb,Mraz LLC,2026-05
484,jcb,Braun Group,2028-01
485,diners-club-enroute,McDermott and Sons,2026-04
486,china-unionpay,"Rowe, Boyle and Beahan",2026-08
487,americanexpress,Cruickshank LLC,2028-07
488,maestro,"Ullrich, Purdy and Huel",2027-10
489,americanexpress,Nikolaus-Dooley,2028-07
490,diners-club-enroute,Legros and Sons,2026-09
491,mastercard,Stoltenberg LLC,2027-10
492,switch,Kris-Roob,2027-03
493,mastercard,"Skiles, Nicolas and Smitham",2027-11
494,diners-club-carte-blanche,Rippin and Sons,2026-09
495,diners-club-carte-blanche,Prohaska-Bailey,2027-06
496,bankcard,Kiehn Group,2026-01
497,switch,Cormier-Torp,2026-08
498,jcb,Johnson LLC,2026-06
499,visa-electron,Larson Inc,2027-10
500,diners-club-carte-blanche,"Pfannerstill, DuBuque and Schaden",2027-10
501,maestro,"Abernathy, Cronin and Adams",2027-01
502,diners-club-carte-blanche,"Morar, Mueller and Stroman",2027-07
503,visa-electron,"Rohan, Hammes and Greenfelder",2027-07
504,maestro,"Davis, Daugherty and Greenholt",2026-03
505,mastercard,Carter-Brakus,2027-08
506,mastercard,"Will, Murphy and Halvorson",2026-08
507,jcb,"Kiehn, Daniel and Tillman",2027-01
508,maestro,"Lynch, Hackett and Romaguera",2025-11
509,jcb,"Schaefer, Turcotte and Kirlin",2026-08
510,mastercard,Osinski-Lubowitz,2025-12
511,jcb,Gutmann and Sons,2025-12
512,americanexpress,Haley-Lockman,2028-07
513,diners-club-carte-blanche,Bode-Schuster,2025-11
514,jcb,Treutel-Hirthe,2027-07
515,maestro,Glover and Sons,2027-03
516,jcb,Sauer LLC,2027-05
517,visa-electron,"Lakin, Block and Ryan",2025-12
518,jcb,Raynor-Lynch,2028-05
519,jcb,Kris and Sons,2026-02
520,diners-club-enroute,Funk-Jacobi,2026-12
521,jcb,Schaefer Inc,2026-04
522,americanexpress,Quigley LLC,2026-10
523,switch,Paucek-Kirlin,2028-01
524,jcb,Cronin-Beer,2028-10
525,laser,Christiansen-Lakin,2026-10
526,diners-club-enroute,Kovacek and Sons,2026-04
527,bankcard,"Mayert, Flatley and Heller",2025-10
528,jcb,"Oberbrunner, Stracke and Boehm",2027-07
529,bankcard,"Murphy, Wisoky and Hudson",2026-11
530,mastercard,Ratke-Wisozk,2027-04
531,jcb,Predovic-Mayert,2026-11
532,visa-electron,"Emmerich, Zieme and Stehr",2028-02
533,switch,Aufderhar Inc,2028-08
534,jcb,Brown-Hansen,2026-04
535,mastercard,Kertzmann-Bauch,2026-10
536,jcb,Kuhn Inc,2026-06
537,jcb,"Kessler, Olson and Haag",2027-03
538,china-unionpay,Ruecker-Murazik,2026-03
539,instapayment,"Parisian, Kautzer and Blick",2025-12
540,maestro,Glover and Sons,2025-10
541,diners-club-carte-blanche,"Leannon, Hand and Reynolds",2028-07
542,instapayment,Hayes Group,2026-07
543,jcb,"Murray, Wolf and Johnson",2026-10
544,switch,Friesen and Sons,2028-08
545,jcb,"Hills, Pfannerstill and Goodwin",2028-02
546,jcb,Adams Inc,2026-03
547,maestro,"Wolf, Zulauf and Von",2026-12
548,china-unionpay,Murphy Group,2026-01
549,jcb,Rogahn-Robel,2027-02
550,diners-club-enroute,"Monahan, D'Amore and Spinka",2027-02
551,jcb,"Champlin, Parker and Watsica",2026-05
552,instapayment,"Jacobi, Effertz and Prohaska",2027-03
553,mastercard,Trantow Inc,2026-01
554,mastercard,Ryan-Zulauf,2027-02
555,jcb,"Lindgren, Windler and Schaden",2027-12
556,jcb,Kemmer Inc,2028-02
557,jcb,"Bartoletti, Reichel and Lockman",2027-07
558,maestro,Schmidt Group,2027-10
559,visa-electron,Hauck Inc,2028-06
560,diners-club-us-ca,Sawayn and Sons,2028-03
561,visa,Wehner-Wiegand,2028-01
562,jcb,Hills-Dickinson,2028-07
563,mastercard,Koelpin-Flatley,2026-07
564,jcb,"Collins, Hayes and Mohr",2026-12
565,jcb,"Schmeler, Kirlin and Ryan",2027-07
566,americanexpress,"Jacobi, Botsford and Krajcik",2027-04
567,mastercard,Reilly Group,2025-11
568,jcb,Zieme Group,2027-09
569,mastercard,Cummings-Haley,2027-04
570,maestro,"Stamm, Lowe and Armstrong",2028-06
571,switch,Koch-Powlowski,2026-06
572,diners-club-enroute,Romaguera-Dach,2028-06
573,jcb,Kris LLC,2026-09
574,jcb,Kuhlman Group,2027-03
575,diners-club-carte-blanche,"Franecki, Reichel and Mills",2028-09
576,jcb,"Ritchie, Cartwright and Vandervort",2025-10
577,china-unionpay,Hagenes Group,2027-07
578,mastercard,O'Reilly and Sons,2025-11
579,jcb,Leannon Group,2026-03
580,bankcard,"Murphy, Beatty and Dibbert",2026-02
581,jcb,Kessler-Koch,2025-10
582,jcb,Stark-Wiza,2026-10
583,switch,"Olson, Hessel and Casper",2028-02
584,jcb,"Kuhlman, Mohr and Fritsch",2025-10
585,jcb,Russel-Ward,2028-10
586,jcb,Schuppe-Wiegand,2028-09
587,jcb,Conroy and Sons,2027-06
588,jcb,Kerluke and Sons,2027-09
589,jcb,"Collier, Huel and Nicolas",2026-12
590,diners-club-carte-blanche,O'Reilly-Keeling,2025-10
591,jcb,"Emard, Pfeffer and Zieme",2027-04
592,jcb,Graham and Sons,2025-11
593,jcb,Veum LLC,2025-12
594,visa,"Prohaska, Beahan and Nikolaus",2027-06
595,maestro,"Rogahn, Murphy and Jacobson",2025-10
596,jcb,Schimmel Inc,2025-11
597,visa-electron,"Schmidt, Casper and Mills",2027-12
598,jcb,Lueilwitz-Fritsch,2026-07
599,visa,Wunsch-Stanton,2028-09
600,jcb,Walker-O'Keefe,2027-03
601,visa-electron,"Jacobson, Heidenreich and Purdy",2025-10
602,switch,Yundt Group,2028-09
603,visa,Bergnaum-Lang,2025-10
604,jcb,Bechtelar-Orn,2027-10
605,visa-electron,Walter LLC,2026-02
606,diners-club-enroute,"Cummings, Lowe and Lebsack",2028-09
607,visa-electron,"West, Legros and Runolfsdottir",2027-06
608,jcb,Kub-Price,2028-05
609,jcb,Glover and Sons,2026-01
610,jcb,Bogan Inc,2025-11
611,diners-club-us-ca,King LLC,2027-10
612,jcb,Renner-Hoppe,2027-10
613,instapayment,"Kiehn, Morar and Barton",2027-10
614,jcb,Torp Inc,2026-02
615,jcb,Predovic-Daugherty,2027-02
616,jcb,Corkery Group,2028-08
617,china-unionpay,"Muller, Lind and Gleichner",2027-03
618,maestro,Stamm-Walsh,2028-08
619,jcb,Kunde-Wuckert,2027-06
620,jcb,"Koch, Prohaska and Lehner",2026-08
621,americanexpress,Volkman and Sons,2027-06
622,diners-club-us-ca,Nolan-Watsica,2026-08
623,jcb,Johns-Cassin,2026-03
624,jcb,Pfeffer-Hodkiewicz,2026-02
625,jcb,Carroll and Sons,2027-03
626,laser,Lubowitz Inc,2028-09
627,instapayment,"Hoppe, Barton and Wolff",2026-08
628,jcb,Emmerich-Quitzon,2027-08
629,jcb,Jaskolski Group,2026-04
630,maestro,Kessler-Hackett,2027-02
631,jcb,"VonRueden, Schmeler and Langosh",2027-02
632,jcb,Watsica LLC,2027-12
633,maestro,Muller-Schamberger,2026-03
634,jcb,"Gusikowski, Murray and Legros",2028-01
635,americanexpress,Pagac-Hilll,2028-05
636,jcb,"Bechtelar, Bogan and Hermann",2028-02
637,diners-club-enroute,Stamm-Powlowski,2027-05
638,laser,Heathcote-Stiedemann,2028-08
639,jcb,"Smitham, Strosin and Daniel",2027-12
640,jcb,Ritchie Inc,2026-06
641,diners-club-us-ca,"Tillman, Howe and Swift",2025-11
642,americanexpress,"Leannon, Beer and Renner",2028-07
643,americanexpress,Labadie and Sons,2028-06
644,china-unionpay,Skiles-Muller,2028-05
645,jcb,Cremin and Sons,2026-07
646,visa-electron,"Goodwin, Schuppe and Leannon",2026-04
647,jcb,Russel-Bahringer,2026-10
648,china-unionpay,Torphy LLC,2026-02
649,instapayment,Bins LLC,2027-06
650,jcb,Weissnat Inc,2027-12
651,visa-electron,"Feil, Reichel and Friesen",2027-04
652,china-unionpay,Kovacek-Dickinson,2027-11
653,mastercard,"Graham, Hickle and Pagac",2026-08
654,jcb,Schowalter-Ankunding,2027-03
655,visa,"Stehr, VonRueden and Harber",2027-02
656,jcb,O'Reilly Group,2027-10
657,solo,Hermiston-Jast,2025-11
658,bankcard,"Klocko, Hammes and Hayes",2026-01
659,jcb,Becker and Sons,2026-05
660,mastercard,Stanton Group,2027-02
661,jcb,Gusikowski Inc,2028-10
662,mastercard,Koepp-Lehner,2026-12
663,americanexpress,Hickle Inc,2028-09
664,jcb,"Heathcote, VonRueden and Beier",2026-08
665,jcb,"Kuhic, Okuneva and Kozey",2027-07
666,jcb,Pacocha LLC,2028-09
667,china-unionpay,"Schaden, Veum and Parisian",2027-10
668,jcb,Nikolaus and Sons,2026-02
669,visa,Gutmann Inc,2026-11
670,mastercard,Lesch-Padberg,2026-04
671,china-unionpay,"Lebsack, Little and Nader",2028-03
672,solo,Block-Pfannerstill,2026-02
673,jcb,Cormier Group,2027-03
674,switch,Murray and Sons,2027-08
675,jcb,Gusikowski Group,2025-11
676,instapayment,"Mueller, Schoen and Johns",2026-11
677,jcb,"Flatley, Bogan and Fritsch",2027-01
678,diners-club-carte-blanche,"Cassin, Bergnaum and Bernier",2028-01
679,mastercard,"Green, Reichel and Morar",2027-03
680,jcb,Daugherty LLC,2027-05
681,maestro,"Abernathy, Frami and Kunde",2027-02
682,jcb,Hessel-Hartmann,2027-07
683,jcb,Wyman LLC,2026-05
684,maestro,Rath Group,2027-10
685,jcb,Cartwright-Kunde,2026-01
686,maestro,"Cormier, Kutch and Gutkowski",2027-03
687,jcb,"Dach, Bosco and Boehm",2026-11
688,visa-electron,Watsica-Hilpert,2028-06
689,solo,"Wiegand, Bosco and Mohr",2027-06
690,maestro,"Cole, Parker and Steuber",2026-11
691,jcb,Stark-Stoltenberg,2026-06
692,jcb,Schmidt and Sons,2026-11
693,jcb,"Heller, Davis and Sanford",2027-04
694,switch,Pouros-Crooks,2027-08
695,diners-club-enroute,Hammes and Sons,2027-02
696,jcb,"Douglas, Metz and Rutherford",2025-12
697,jcb,Donnelly-Gibson,2028-08
698,diners-club-us-ca,"Hettinger, Schmidt and Rippin",2027-01
699,switch,"Reynolds, Russel and Crooks",2027-03
700,diners-club-enroute,"Simonis, Connelly and Buckridge",2026-01
701,americanexpress,Hartmann-Erdman,2026-02
702,jcb,Bode-Wunsch,2026-06
703,jcb,Howell Inc,2025-12
704,laser,Koelpin and Sons,2026-11
705,mastercard,Kassulke-Wisozk,2026-08
706,jcb,Beer Inc,2026-06
707,visa-electron,Roob Inc,2027-11
708,jcb,Deckow and Sons,2028-09
709,americanexpress,D'Amore LLC,2028-04
710,jcb,"Schneider, Thompson and Braun",2028-03
711,jcb,Pouros-Ullrich,2026-12
712,jcb,Bogan LLC,2025-12
713,jcb,"O'Conner, Jast and Larson",2026-07
714,mastercard,Medhurst-Kiehn,2027-09
715,mastercard,Zieme-Erdman,2025-10
716,maestro,"Corwin, Klein and Jast",2026-10
717,diners-club-carte-blanche,Wunsch LLC,2025-11
718,diners-club-carte-blanche,"Reilly, Dickens and Fay",2027-12
719,laser,Kiehn Group,2026-10
720,jcb,"Lemke, Reinger and Murphy",2028-09
721,diners-club-us-ca,"Morar, Wunsch and Jacobson",2026-08
722,china-unionpay,Koch Inc,2028-05
723,jcb,"Herzog, Brown and Kertzmann",2028-03
724,solo,Ortiz and Sons,2028-08
725,jcb,"Schmidt, Windler and Beer",2025-12
726,china-unionpay,Lebsack-Torp,2028-06
727,bankcard,Reichert Group,2025-10
728,jcb,Wilkinson Group,2026-11
729,americanexpress,"Morar, Fadel and Ondricka",2028-06
730,diners-club-us-ca,Herzog Inc,2025-11
731,diners-club-enroute,Ritchie Inc,2026-05
732,maestro,Effertz and Sons,2026-01
733,jcb,Reilly LLC,2027-12
734,switch,Beier Group,2028-06
735,switch,"Shields, Terry and Schmidt",2026-08
736,visa-electron,Rath LLC,2027-01
737,jcb,Witting-Quitzon,2026-05
738,diners-club-enroute,"Bogan, Ondricka and Sawayn",2028-03
739,jcb,Adams LLC,2027-07
740,jcb,Hermiston-Wiza,2026-03
741,jcb,"Effertz, Schuster and Rohan",2028-06
742,americanexpress,"Stanton, Sawayn and Runolfsdottir",2026-10
743,mastercard,"Fadel, Crooks and Medhurst",2026-12
744,mastercard,Kling and Sons,2028-02
745,maestro,Stehr-MacGyver,2027-10
746,jcb,Pfeffer-Halvorson,2027-03
747,jcb,Konopelski Group,2027-09
748,jcb,Wehner-Hermiston,2026-05
749,jcb,"Corwin, Johns and Bechtelar",2027-10
750,jcb,Anderson LLC,2025-12
751,switch,"Lebsack, Windler and Kirlin",2026-09
752,bankcard,Adams Inc,2028-01
753,visa-electron,Larkin Inc,2028-05
754,jcb,"Renner, Cremin and West",2026-11
755,jcb,Gorczany-Kessler,2026-04
756,diners-club-enroute,Boehm LLC,2027-01
757,jcb,Fahey Group,2026-07
758,diners-club-us-ca,Casper Group,2025-11
759,diners-club-carte-blanche,Huels Group,2028-06
760,china-unionpay,"Purdy, Collier and Mraz",2026-06
761,jcb,Bosco-Satterfield,2025-10
762,maestro,"Ratke, Hettinger and Bailey",2027-10
763,laser,Koepp-White,2027-06
764,diners-club-enroute,Hoeger Inc,2026-11
765,jcb,Steuber-Prohaska,2026-07
766,solo,Goyette-Hilll,2026-09
767,jcb,Moore-Mann,2027-01
768,jcb,"Marks, Rohan and Fritsch",2026-08
769,maestro,Bins and Sons,2025-11
770,jcb,Kshlerin LLC,2025-12
771,maestro,"Quigley, Hagenes and Schamberger",2027-02
772,mastercard,Kshlerin and Sons,2028-04
773,maestro,Doyle Inc,2026-04
774,mastercard,Denesik Inc,2027-12
775,switch,Weimann LLC,2027-12
776,jcb,"Schuster, Lesch and Kemmer",2027-10
777,jcb,Moen-Abbott,2027-02
778,maestro,"Brekke, Grimes and Hand",2027-07
779,maestro,Gottlieb-Gislason,2028-04
780,visa-electron,Tromp-Herman,2025-12
781,visa-electron,"Medhurst, Mills and Watsica",2026-05
782,americanexpress,Rippin and Sons,2027-03
783,laser,Mraz Inc,2026-06
784,jcb,Trantow-Schamberger,2028-02
785,mastercard,Schuppe LLC,2026-10
786,maestro,Gerlach-Kreiger,2028-02
787,visa,"Gutmann, Langworth and Klein",2027-11
788,diners-club-carte-blanche,"Glover, Lind and Greenholt",2028-03
789,jcb,Kuhic-O'Keefe,2027-08
790,jcb,"Spencer, McKenzie and Grimes",2028-08
791,jcb,Erdman Group,2026-06
792,mastercard,Moen and Sons,2027-11
793,jcb,Hayes Group,2027-07
794,jcb,"Ledner, Kris and Heaney",2027-06
795,bankcard,Murazik-Nikolaus,2026-06
796,mastercard,Botsford-Powlowski,2028-08
797,jcb,"Bashirian, Ernser and Rutherford",2028-07
798,jcb,Graham and Sons,2027-08
799,maestro,"Hermann, Larkin and Kovacek",2025-12
800,jcb,"Rath, Little and Dicki",2028-07
801,jcb,"Thompson, Schneider and Towne",2027-08
802,diners-club-carte-blanche,Predovic Inc,2027-10
803,jcb,Bode-Stoltenberg,2027-01
804,visa,Kunde-Hoppe,2027-08
805,diners-club-enroute,Yost-Mitchell,2028-02
806,maestro,"Berge, Jacobs and Cremin",2026-03
807,diners-club-international,Cassin-Halvorson,2027-11
808,jcb,Robel Inc,2028-05
809,jcb,Heidenreich LLC,2027-06
810,instapayment,Jenkins Inc,2026-07
811,jcb,Waelchi-Halvorson,2028-03
812,jcb,"O'Keefe, Vandervort and Kulas",2026-07
813,mastercard,Friesen-Schumm,2027-06
814,mastercard,O'Kon and Sons,2027-10
815,jcb,"Daniel, Parisian and Sporer",2028-09
816,jcb,"Strosin, Predovic and Bogan",2027-08
817,diners-club-carte-blanche,"Kuhlman, Douglas and Gislason",2028-02
818,jcb,Murazik-Fritsch,2027-10
819,instapayment,Heathcote-Bartell,2026-01
820,jcb,"Stehr, Johnson and Effertz",2026-07
821,americanexpress,Kris-Herman,2027-05
822,mastercard,"Crona, Runte and Parker",2027-03
823,jcb,Kirlin-Halvorson,2027-05
824,visa-electron,Wuckert-Hirthe,2027-10
825,maestro,Hauck-Schoen,2026-06
826,china-unionpay,Roberts Group,2027-01
827,diners-club-enroute,"VonRueden, Price and Halvorson",2028-09
828,visa-electron,"Bogisich, Batz and Feeney",2026-05
829,jcb,"Walker, Hyatt and MacGyver",2027-09
830,jcb,Zulauf LLC,2026-07
831,americanexpress,Weimann LLC,2026-08
832,diners-club-carte-blanche,"Friesen, Hartmann and Tromp",2026-03
833,jcb,Gutmann-Langosh,2027-09
834,maestro,Nitzsche LLC,2027-01
835,jcb,Schmeler-Flatley,2025-10
836,jcb,Wisoky-Konopelski,2026-12
837,switch,Waelchi Group,2026-11
838,maestro,Paucek Group,2026-06
839,diners-club-us-ca,Kuphal-Kris,2027-04
840,china-unionpay,"Schamberger, Kovacek and Bednar",2026-05
841,diners-club-enroute,"Fisher, Kling and Hackett",2028-06
842,jcb,"Cummings, Konopelski and Kessler",2026-02
843,jcb,"Koelpin, Rohan and Runte",2028-09
844,jcb,Beahan-Farrell,2028-03
845,visa,"Rippin, Bruen and Halvorson",2026-09
846,china-unionpay,"Hane, Feeney and Buckridge",2027-03
847,bankcard,"Connelly, Hamill and Hoppe",2028-05
848,jcb,Ratke-Will,2027-08
849,diners-club-enroute,"Senger, Haag and Balistreri",2028-09
850,jcb,Veum-Cronin,2026-04
851,jcb,Reichel Group,2028-01
852,jcb,"Bosco, Mosciski and Schulist",2028-06
853,laser,Graham-Leannon,2027-08
854,jcb,Gottlieb-Powlowski,2027-12
855,visa,Huel Group,2027-09
856,switch,Koss-Hane,2026-07
857,maestro,Spinka LLC,2027-07
858,switch,Grimes-Cruickshank,2025-10
859,bankcard,Greenholt LLC,2027-06
860,jcb,Murphy Inc,2026-10
861,jcb,Bauch-Thompson,2027-01
862,jcb,"Fay, Veum and Weissnat",2027-04
863,jcb,"Schroeder, Douglas and Ratke",2026-06
864,mastercard,"Kshlerin, Morar and Russel",2026-08
865,visa-electron,Predovic LLC,2026-09
866,laser,Boyer LLC,2027-10
867,switch,Bayer and Sons,2026-02
868,maestro,Crooks LLC,2027-08
869,jcb,"Cruickshank, Grimes and Yost",2026-03
870,jcb,Tremblay-Bergnaum,2026-09
871,jcb,"Breitenberg, Bartell and Spencer",2028-01
872,switch,"Lubowitz, Ullrich and Collins",2026-11
873,jcb,"Baumbach, Gislason and Haley",2026-04
874,china-unionpay,"Effertz, Balistreri and Hoeger",2026-06
875,china-unionpay,Denesik Group,2028-09
876,americanexpress,Brown-Howe,2026-12
877,laser,Mills Group,2028-09
878,switch,Wolff and Sons,2027-03
879,mastercard,Nolan Group,2025-11
880,americanexpress,Lueilwitz LLC,2028-08
881,americanexpress,"Kunze, Schneider and Mohr",2027-08
882,jcb,"Dickinson, Dare and Dickinson",2028-08
883,jcb,Ullrich and Sons,2026-10
884,jcb,Romaguera LLC,2028-06
885,jcb,Robel-Rolfson,2027-08
886,jcb,"Swift, Rice and Mraz",2027-05
887,maestro,Bins LLC,2028-09
888,jcb,Jones LLC,2027-10
889,instapayment,Carter and Sons,2026-06
890,mastercard,"Prosacco, Sawayn and Schmeler",2026-04
891,switch,"Schuppe, Gulgowski and Strosin",2026-05
892,jcb,"Brakus, Wolf and Walker",2028-05
893,diners-club-international,"Cartwright, Homenick and Jones",2027-09
894,china-unionpay,Mueller Group,2026-10
895,maestro,Okuneva-Feil,2026-11
896,americanexpress,VonRueden Inc,2026-11
897,mastercard,Adams-Kemmer,2027-01
898,solo,Konopelski-Satterfield,2028-05
899,china-unionpay,"Stracke, Cummings and Halvorson",2027-07
900,switch,Cartwright-Bogisich,2027-03
901,maestro,Wunsch Group,2028-05
902,mastercard,"Tromp, O'Hara and Lind",2026-09
903,mastercard,Pfannerstill-Bartell,2027-07
904,jcb,Howell and Sons,2028-07
905,jcb,Kutch and Sons,2028-08
906,switch,"Hermann, King and Dach",2026-01
907,jcb,Lang LLC,2027-12
908,mastercard,"Bergstrom, Hilll and Waters",2026-08
909,bankcard,Corwin-Rodriguez,2028-06
910,jcb,Bartell Inc,2027-04
911,jcb,Krajcik LLC,2027-06
912,mastercard,Kshlerin LLC,2027-08
913,diners-club-carte-blanche,Dooley Inc,2025-12
914,china-unionpay,"Maggio, Parisian and Weber",2028-10
915,jcb,Rodriguez LLC,2026-04
916,mastercard,"Morar, Fritsch and Wehner",2026-12
917,americanexpress,Hane-Prosacco,2026-11
918,diners-club-carte-blanche,Cole Inc,2026-07
919,jcb,"Pfannerstill, Pagac and Cole",2026-08
920,jcb,Pouros LLC,2028-04
921,maestro,"Abshire, Hoeger and Heathcote",2028-07
922,switch,"Crooks, Zieme and Pagac",2028-02
923,switch,Champlin LLC,2026-01
924,americanexpress,Koepp and Sons,2027-08
925,bankcard,Heidenreich Group,2025-12
926,mastercard,"Runte, Jaskolski and Wehner",2026-10
927,jcb,"Buckridge, Ryan and Jast",2026-04
928,switch,"Dickens, Krajcik and Koch",2026-12
929,jcb,O'Connell-Aufderhar,2026-11
930,mastercard,Graham Group,2027-07
931,jcb,Bergnaum-Schaden,2027-12
932,maestro,Sanford-Lind,2028-02
933,solo,"Swift, West and Roob",2026-04
934,jcb,Legros-DuBuque,2027-03
935,jcb,"Muller, Leannon and Konopelski",2028-01
936,switch,"Runolfsson, Metz and Pagac",2026-03
937,jcb,"Grant, Heidenreich and Stracke",2026-08
938,switch,Huels-Denesik,2027-12
939,visa-electron,Gorczany Inc,2026-05
940,diners-club-carte-blanche,Pfannerstill-Berge,2026-06
941,visa-electron,"Russel, Murphy and Botsford",2027-12
942,jcb,"Hettinger, Farrell and Hills",2028-08
943,jcb,"Kub, Haley and Lehner",2027-03
944,china-unionpay,Renner-Murray,2026-08
945,jcb,Jacobi-Schinner,2027-06
946,laser,Homenick-Grant,2027-04
947,mastercard,Kutch-Ernser,2028-02
948,jcb,"Kreiger, Ankunding and Ritchie",2028-08
949,visa-electron,Leuschke Group,2026-08
950,instapayment,"Gibson, Boyer and Jaskolski",2027-08
951,visa-electron,Howe Group,2027-11
952,diners-club-us-ca,Waters Inc,2026-03
953,visa,"Weimann, Ankunding and Bauch",2027-08
954,jcb,Krajcik-Konopelski,2028-07
955,mastercard,Haag-Johnston,2027-10
956,diners-club-carte-blanche,Watsica Inc,2025-12
957,americanexpress,Durgan-Paucek,2026-02
958,laser,Luettgen LLC,2026-10
959,instapayment,Rowe and Sons,2026-03
960,jcb,Parisian-Ward,2026-02
961,bankcard,O'Hara-Jakubowski,2027-01
962,jcb,Rodriguez-Schulist,2028-08
963,visa-electron,Nolan-Kassulke,2026-08
964,jcb,Blick Group,2028-10
965,jcb,Terry-O'Reilly,2026-09
966,jcb,McDermott Group,2027-03
967,china-unionpay,Mueller Inc,2028-01
968,americanexpress,"Kozey, Beer and Crist",2028-08
969,jcb,"Pagac, Hintz and Schaefer",2028-03
970,americanexpress,West-Pacocha,2027-03
971,diners-club-international,Smith-Ondricka,2027-10
972,jcb,Crona-Wisoky,2028-01
973,bankcard,Reichert Inc,2025-11
974,maestro,Ruecker Inc,2025-12
975,jcb,Pollich-D'Amore,2028-09
976,jcb,Cronin-Rolfson,2027-11
977,mastercard,Lynch Inc,2026-01
978,instapayment,"Christiansen, Littel and Wisozk",2027-11
979,jcb,Homenick-Dietrich,2026-08
980,diners-club-enroute,Kemmer and Sons,2027-12
981,jcb,Cassin Inc,2026-05
982,diners-club-enroute,Schumm Group,2026-03
983,maestro,Cassin Inc,2027-11
984,visa-electron,"Leannon, Thompson and Mohr",2026-10
985,jcb,Schmitt and Sons,2025-12
986,bankcard,"Kuhlman, Feest and Hyatt",2027-11
987,mastercard,Price Group,2026-02
988,diners-club-enroute,"Glover, Turner and Mayer",2028-08
989,visa-electron,Harvey and Sons,2026-03
990,visa-electron,Casper-Flatley,2026-09
991,jcb,Mills Group,2025-10
992,jcb,"Parisian, Kling and Schultz",2026-07
993,jcb,"Bergnaum, Bruen and Pagac",2026-04
994,jcb,"Bailey, Homenick and Ruecker",2026-12
995,diners-club-carte-blanche,Brown-Emmerich,2026-09
996,jcb,"Hammes, Homenick and Pollich",2028-06
997,china-unionpay,Schultz Inc,2028-08
998,jcb,Hills-Christiansen,2026-04
999,jcb,Kling-Dooley,2026-01
1000,jcb,"Breitenberg, Ondricka and Pouros",2026-05
