ID_Vehiculo,Tipo_vehiculo,Marca,Modelo,Año,Capacidad
1,sapien placerat ante nulla justo aliquam quis turpis eget elit,Suzuki,Forenza,2008,6
2,odio consequat varius integer ac,Ford,Explorer,1995,3
3,donec odio justo sollicitudin ut suscipit a feugiat et,Lexus,SC,2004,5
4,sed sagittis nam congue risus semper,Honda,Accord,2009,4
5,quis tortor id nulla ultrices,Saab,9-7X,2005,4
6,odio justo sollicitudin ut suscipit a feugiat et,Ford,Econoline E350,1999,7
7,orci eget orci vehicula condimentum curabitur in libero,Dodge,Stratus,2006,3
8,magna bibendum imperdiet nullam orci pede,Chevrolet,Uplander,2007,3
9,non mi integer ac neque duis bibendum morbi non quam,Infiniti,QX,2010,2
10,tortor id nulla ultrices aliquet maecenas leo odio condimentum id,Hyundai,Tiburon,2007,6
11,eros vestibulum ac est lacinia nisi venenatis tristique,Ford,Econoline E350,1995,3
12,nascetur ridiculus mus etiam vel augue vestibulum rutrum rutrum neque,Buick,Regal,1991,3
13,turpis integer aliquet massa id lobortis convallis tortor,Volkswagen,Routan,2011,6
14,amet nulla quisque arcu libero rutrum ac lobortis vel,Lincoln,Town Car,2002,3
15,justo sollicitudin ut suscipit a feugiat et eros,Saab,9-5,2010,5
16,nullam sit amet turpis elementum ligula vehicula consequat morbi,Mitsubishi,Challenger,2001,2
17,augue vestibulum rutrum rutrum neque aenean,Mercedes-Benz,SL-Class,2003,4
18,luctus nec molestie sed justo pellentesque viverra pede,BMW,8 Series,1996,3
19,lacus curabitur at ipsum ac tellus,Mazda,Mazda3,2012,7
20,nulla mollis molestie lorem quisque ut erat curabitur gravida nisi,Subaru,Outback,2002,1
21,nullam orci pede venenatis non sodales sed tincidunt eu felis,Porsche,944,1987,2
22,tristique in tempus sit amet sem fusce,Saturn,Sky,2008,1
23,id nisl venenatis lacinia aenean sit,Saab,9-5,2000,7
24,justo nec condimentum neque sapien placerat ante nulla justo,Honda,Civic,1988,1
25,integer tincidunt ante vel ipsum praesent blandit lacinia erat,GMC,Canyon,2006,2
26,parturient montes nascetur ridiculus mus,Dodge,Viper,2009,4
27,tempus vel pede morbi porttitor,Ford,Econoline E150,1999,2
28,in purus eu magna vulputate luctus cum sociis natoque,Maserati,Quattroporte,1984,7
29,quam a odio in hac habitasse platea dictumst,Audi,100,1991,7
30,erat nulla tempus vivamus in felis eu,Acura,NSX,1996,3
31,sed vestibulum sit amet cursus,Mazda,B-Series Plus,1997,2
32,eget tincidunt eget tempus vel pede morbi porttitor lorem id,Ford,F350,2006,7
33,nec dui luctus rutrum nulla tellus in sagittis dui,Toyota,Highlander,2003,3
34,mauris vulputate elementum nullam varius nulla,Chevrolet,Malibu,2002,5
35,urna ut tellus nulla ut erat id mauris vulputate,Volkswagen,GTI,2004,5
36,dictumst maecenas ut massa quis augue,Chevrolet,Lumina,2001,3
37,adipiscing lorem vitae mattis nibh,Volkswagen,Jetta,2012,6
38,ac enim in tempor turpis nec euismod scelerisque quam turpis,Scion,xA,2005,6
39,lectus suspendisse potenti in eleifend quam a,Mercury,Mystique,1999,5
40,volutpat dui maecenas tristique est et tempus semper est quam,Chevrolet,Suburban 1500,1996,1
41,nulla dapibus dolor vel est donec,Cadillac,XLR-V,2008,1
42,elementum in hac habitasse platea dictumst morbi vestibulum velit id,Mercedes-Benz,S-Class,1996,1
43,mi integer ac neque duis bibendum morbi non,Chevrolet,Malibu,2005,7
44,nulla justo aliquam quis turpis eget elit,GMC,Sierra 2500,2001,5
45,luctus cum sociis natoque penatibus et magnis dis parturient montes,Dodge,Nitro,2011,7
46,maecenas rhoncus aliquam lacus morbi quis tortor id nulla,Buick,Riviera,1988,3
47,tortor quis turpis sed ante vivamus tortor duis,Kia,Forte,2010,7
48,amet eleifend pede libero quis orci nullam,Oldsmobile,Silhouette,1999,7
49,nam congue risus semper porta,Pontiac,Grand Prix,1989,6
50,imperdiet sapien urna pretium nisl,Ford,E150,2009,7
51,maecenas rhoncus aliquam lacus morbi quis tortor id nulla,Toyota,Tundra,2007,7
52,adipiscing elit proin risus praesent lectus vestibulum quam sapien,Mercedes-Benz,W201,1989,6
53,nullam porttitor lacus at turpis donec posuere metus vitae,Nissan,Pathfinder,1994,7
54,integer tincidunt ante vel ipsum praesent blandit lacinia,Subaru,Forester,2010,6
55,venenatis non sodales sed tincidunt eu felis fusce,Bentley,Azure,2006,7
56,ipsum dolor sit amet consectetuer adipiscing,Chevrolet,Corvette,1960,3
57,cras mi pede malesuada in imperdiet et commodo vulputate,Toyota,RAV4,2011,5
58,tempus semper est quam pharetra magna ac consequat metus,Mazda,MX-6,1990,3
59,sapien arcu sed augue aliquam erat volutpat in congue etiam,Mazda,B-Series,1989,5
60,mattis nibh ligula nec sem duis aliquam convallis nunc proin,Dodge,Magnum,2008,7
61,diam erat fermentum justo nec condimentum neque,Lincoln,MKX,2013,4
62,porta volutpat erat quisque erat eros viverra eget congue,Pontiac,GTO,1970,6
63,ut massa quis augue luctus tincidunt,Dodge,Dakota,1995,6
64,justo aliquam quis turpis eget elit sodales scelerisque mauris,Volvo,C70,2013,2
65,ac diam cras pellentesque volutpat,Mercedes-Benz,SL-Class,2000,3
66,bibendum morbi non quam nec dui,Lexus,ES,1990,5
67,purus sit amet nulla quisque arcu libero rutrum ac lobortis,Mitsubishi,Diamante,1998,1
68,tellus nisi eu orci mauris lacinia,Chevrolet,Suburban 2500,2004,2
69,eros suspendisse accumsan tortor quis turpis,Chevrolet,Avalanche,2009,5
70,suspendisse potenti cras in purus eu magna vulputate,Subaru,Legacy,1992,7
71,dui vel nisl duis ac nibh fusce,Hyundai,Santa Fe,2004,1
72,nec nisi vulputate nonummy maecenas tincidunt,MINI,Countryman,2012,4
73,augue aliquam erat volutpat in congue etiam justo,Dodge,D250 Club,1993,1
74,massa id nisl venenatis lacinia aenean sit amet,Buick,LeSabre,2004,1
75,cubilia curae donec pharetra magna,Chevrolet,Suburban 1500,1999,3
76,massa quis augue luctus tincidunt nulla mollis,Mitsubishi,Galant,2011,2
77,viverra pede ac diam cras pellentesque volutpat dui maecenas,Isuzu,Stylus,1992,4
78,amet nulla quisque arcu libero rutrum ac lobortis vel,Mazda,B-Series,2003,7
79,sem fusce consequat nulla nisl nunc nisl duis bibendum felis,Acura,Integra,1997,1
80,elit sodales scelerisque mauris sit amet eros suspendisse accumsan tortor,Ford,Escape,2002,3
81,congue vivamus metus arcu adipiscing molestie hendrerit at,Suzuki,SX4,2011,7
82,dictumst etiam faucibus cursus urna ut,Bentley,Continental Flying Spur,2011,7
83,tristique in tempus sit amet sem fusce consequat nulla nisl,Cadillac,DeVille,2004,5
84,lorem ipsum dolor sit amet,Mazda,626,1996,6
85,mi sit amet lobortis sapien,Mercury,Grand Marquis,1990,6
86,libero nullam sit amet turpis elementum,GMC,Savana 3500,1998,7
87,dolor morbi vel lectus in quam fringilla rhoncus,GMC,Sonoma Club Coupe,1997,5
88,viverra pede ac diam cras pellentesque volutpat dui maecenas tristique,Audi,A4,2003,2
89,ut massa quis augue luctus tincidunt nulla mollis molestie lorem,Mercedes-Benz,CLK-Class,2009,4
90,rutrum ac lobortis vel dapibus at diam,Mercedes-Benz,SLK-Class,1997,5
91,luctus tincidunt nulla mollis molestie lorem quisque ut erat,Mitsubishi,Lancer,2007,4
92,morbi vestibulum velit id pretium iaculis,Plymouth,Neon,1995,6
93,donec quis orci eget orci vehicula condimentum curabitur in,GMC,Sierra 1500,2005,7
94,venenatis non sodales sed tincidunt eu,BMW,750,2006,5
95,primis in faucibus orci luctus et ultrices posuere cubilia curae,Ford,LTD Crown Victoria,1988,4
96,at ipsum ac tellus semper interdum mauris ullamcorper purus,Audi,A6,2006,2
97,velit eu est congue elementum in hac habitasse platea,GMC,Vandura 1500,1993,5
98,placerat praesent blandit nam nulla integer,Infiniti,Q,1998,2
99,viverra dapibus nulla suscipit ligula in lacus,Hyundai,Tucson,2005,7
100,nam dui proin leo odio porttitor id,Isuzu,i-350,2006,4
101,in felis eu sapien cursus vestibulum proin eu mi nulla,Chevrolet,2500,1997,1
102,pede morbi porttitor lorem id ligula,Lexus,CT,2011,2
103,congue vivamus metus arcu adipiscing molestie hendrerit at vulputate vitae,Mercury,Mountaineer,1998,1
104,luctus et ultrices posuere cubilia curae,GMC,Yukon XL 2500,2010,4
105,vestibulum sagittis sapien cum sociis natoque penatibus et magnis dis,Chrysler,Town & Country,2012,6
106,leo rhoncus sed vestibulum sit,GMC,2500 Club Coupe,1996,5
107,leo maecenas pulvinar lobortis est phasellus sit,Chevrolet,Tahoe,2011,5
108,fusce lacus purus aliquet at,Pontiac,Torrent,2008,4
109,sed augue aliquam erat volutpat in congue etiam justo,Volvo,XC70,2012,7
110,quisque arcu libero rutrum ac lobortis vel dapibus at diam,Suzuki,Esteem,1995,6
111,phasellus id sapien in sapien iaculis congue vivamus metus arcu,Saab,9-3,2010,5
112,velit vivamus vel nulla eget eros elementum,Mercedes-Benz,C-Class,2000,2
113,ut ultrices vel augue vestibulum ante,BMW,600,1958,1
114,proin at turpis a pede posuere nonummy integer non velit,Porsche,911,1987,5
115,odio elementum eu interdum eu tincidunt in leo maecenas,Dodge,Ram 1500 Club,1998,1
116,consectetuer eget rutrum at lorem integer tincidunt ante vel ipsum,Chevrolet,Cavalier,2004,1
117,mollis molestie lorem quisque ut,Chevrolet,Suburban 1500,2006,6
118,tortor duis mattis egestas metus aenean fermentum donec ut mauris,Volvo,940,1994,5
119,tempus vivamus in felis eu sapien cursus,Land Rover,Range Rover,1994,2
120,feugiat non pretium quis lectus suspendisse potenti,Mercury,Cougar,1991,6
121,amet eros suspendisse accumsan tortor quis turpis sed ante vivamus,Mercedes-Benz,Sprinter 2500,2011,2
122,vulputate ut ultrices vel augue vestibulum ante ipsum primis,Ford,LTD Crown Victoria,1991,2
123,velit donec diam neque vestibulum eget vulputate,Audi,A3,2010,6
124,iaculis justo in hac habitasse platea,Chevrolet,Express 1500,2005,3
125,cum sociis natoque penatibus et magnis,Ford,Mustang,1971,2
126,vivamus vestibulum sagittis sapien cum sociis natoque penatibus et,Pontiac,Bonneville,1997,7
127,mauris laoreet ut rhoncus aliquet pulvinar sed nisl nunc rhoncus,Ford,E250,2005,3
128,primis in faucibus orci luctus et,Mazda,MX-5,1994,1
129,amet consectetuer adipiscing elit proin,Ford,Thunderbird,1955,3
130,sit amet cursus id turpis integer aliquet,GMC,Canyon,2010,3
131,condimentum curabitur in libero ut massa volutpat convallis morbi,Cadillac,Escalade ESV,2003,4
132,vel enim sit amet nunc,BMW,6 Series,2010,5
133,turpis a pede posuere nonummy integer non,Volkswagen,Jetta,1995,1
134,elementum pellentesque quisque porta volutpat erat quisque,Chevrolet,Camaro,1967,2
135,nisl nunc rhoncus dui vel sem sed,Audi,Q7,2008,5
136,lacus morbi sem mauris laoreet,Subaru,Forester,2012,2
137,est congue elementum in hac habitasse platea dictumst morbi vestibulum,Saab,9000,1997,5
138,orci eget orci vehicula condimentum curabitur in libero,Hyundai,Elantra,1996,6
139,ac consequat metus sapien ut nunc vestibulum ante ipsum primis,Jeep,Wrangler,1997,5
140,velit id pretium iaculis diam erat fermentum justo nec,Ford,Explorer,2005,5
141,dui vel nisl duis ac nibh fusce lacus purus,Ford,Explorer,2000,2
142,in est risus auctor sed tristique in tempus,Porsche,911,1997,4
143,est congue elementum in hac,Ford,Ranger,2009,4
144,dolor sit amet consectetuer adipiscing elit,Porsche,Cayman,2006,1
145,ultrices mattis odio donec vitae nisi nam ultrices libero,Volkswagen,GTI,2000,6
146,blandit ultrices enim lorem ipsum dolor sit amet consectetuer,GMC,Jimmy,1994,5
147,vel ipsum praesent blandit lacinia,Chevrolet,Tahoe,1996,1
148,ac tellus semper interdum mauris ullamcorper purus,Lotus,Esprit,1992,6
149,viverra pede ac diam cras pellentesque volutpat,Lexus,RX,2002,1
150,diam nam tristique tortor eu pede,Chevrolet,Malibu,2006,5
151,sed accumsan felis ut at dolor quis,Mazda,Familia,1991,4
152,elit proin risus praesent lectus,Pontiac,Grand Am,1987,7
153,lacus at turpis donec posuere,Bentley,Mulsanne,2012,1
154,cursus urna ut tellus nulla ut erat id,Jaguar,XK Series,2013,7
155,mollis molestie lorem quisque ut erat curabitur gravida,Chevrolet,Cavalier,1998,1
156,in faucibus orci luctus et ultrices posuere cubilia curae,Plymouth,Neon,2000,1
157,ut suscipit a feugiat et eros,Suzuki,Daewoo Lacetti,2006,7
158,odio porttitor id consequat in consequat ut nulla sed accumsan,Mitsubishi,Lancer Evolution,2005,7
159,dapibus duis at velit eu est congue elementum in hac,Audi,Cabriolet,1996,2
160,nam ultrices libero non mattis pulvinar nulla pede ullamcorper,Volkswagen,Eos,2007,7
161,in leo maecenas pulvinar lobortis est phasellus sit amet erat,Ford,Thunderbird,2003,1
162,bibendum imperdiet nullam orci pede venenatis,Chrysler,Town & Country,1992,7
163,neque vestibulum eget vulputate ut ultrices,Mitsubishi,Tredia,1984,1
164,nunc donec quis orci eget orci vehicula condimentum,Toyota,Camry Solara,2007,7
165,non quam nec dui luctus rutrum nulla tellus in sagittis,Lincoln,Navigator,2001,6
166,blandit mi in porttitor pede justo eu massa,Ford,Escort,1985,1
167,sed vestibulum sit amet cursus id turpis,Acura,TL,2009,6
168,mi nulla ac enim in tempor turpis nec,Mitsubishi,Mirage,1995,5
169,augue vestibulum ante ipsum primis in faucibus orci luctus,Dodge,Shadow,1994,5
170,vel lectus in quam fringilla,Mitsubishi,Endeavor,2010,1
171,justo nec condimentum neque sapien placerat ante,Lincoln,MKT,2010,3
172,metus arcu adipiscing molestie hendrerit at,Honda,S2000,2006,7
173,eget rutrum at lorem integer,Ford,Explorer,1998,1
174,accumsan tellus nisi eu orci mauris lacinia sapien quis,Ford,Taurus,1989,3
175,vel lectus in quam fringilla rhoncus mauris enim leo,Cadillac,Eldorado,1992,2
176,faucibus orci luctus et ultrices posuere cubilia,Buick,Enclave,2008,4
177,lectus pellentesque at nulla suspendisse,Lexus,RX,2008,1
178,sed augue aliquam erat volutpat in congue,Chrysler,Crossfire,2006,6
179,odio odio elementum eu interdum eu tincidunt,Ford,Contour,1999,6
180,eu sapien cursus vestibulum proin eu mi nulla ac enim,Chevrolet,Corvette,1964,5
181,tortor id nulla ultrices aliquet maecenas leo odio condimentum,Ford,Crown Victoria,2005,2
182,justo maecenas rhoncus aliquam lacus,GMC,3500 Club Coupe,1994,4
183,tempus vivamus in felis eu sapien,Acura,RL,2009,4
184,ut ultrices vel augue vestibulum,Mitsubishi,Montero,1999,4
185,dolor quis odio consequat varius integer ac leo pellentesque ultrices,Nissan,300ZX,1991,7
186,donec semper sapien a libero nam dui proin,Dodge,Ram 3500,1995,6
187,magna ac consequat metus sapien ut nunc,Mercedes-Benz,CLS-Class,2007,6
188,sapien cursus vestibulum proin eu mi nulla ac enim in,Ford,Escort,1985,2
189,amet nunc viverra dapibus nulla suscipit ligula in lacus curabitur,Volvo,S60,2001,7
190,nisi volutpat eleifend donec ut dolor morbi vel lectus,Isuzu,Rodeo,2003,1
191,felis ut at dolor quis odio consequat varius,Ford,Probe,1993,6
192,elementum nullam varius nulla facilisi,Ford,Expedition,2004,6
193,vel lectus in quam fringilla rhoncus mauris enim,Saab,9-5,2000,3
194,venenatis turpis enim blandit mi in porttitor pede justo,Mercury,Mountaineer,1998,5
195,faucibus cursus urna ut tellus nulla ut erat id,GMC,Savana 2500,2005,4
196,tellus nisi eu orci mauris lacinia sapien quis libero nullam,Chevrolet,2500,1994,3
197,duis bibendum morbi non quam nec dui luctus rutrum,Ford,Windstar,2000,4
198,aliquam non mauris morbi non lectus aliquam sit,GMC,Yukon XL 1500,2004,3
199,ut erat curabitur gravida nisi at,Mazda,Millenia,2002,3
200,pulvinar nulla pede ullamcorper augue a suscipit nulla elit ac,Subaru,Forester,2008,1
201,porttitor lorem id ligula suspendisse ornare consequat lectus in est,BMW,M5,2010,1
202,erat fermentum justo nec condimentum neque sapien placerat ante,Lincoln,Continental,1990,4
203,sem mauris laoreet ut rhoncus,Chevrolet,Corvette,1970,3
204,dapibus dolor vel est donec,Mitsubishi,Chariot,1990,1
205,scelerisque quam turpis adipiscing lorem vitae,Volkswagen,Passat,1993,2
206,lectus pellentesque eget nunc donec quis orci eget,Volvo,960,1992,4
207,amet erat nulla tempus vivamus in felis eu sapien,Pontiac,Grand Prix,1967,6
208,nec euismod scelerisque quam turpis adipiscing lorem vitae mattis,Ford,F150,2011,1
209,blandit nam nulla integer pede justo lacinia eget,Volvo,XC60,2010,1
210,nisl aenean lectus pellentesque eget nunc donec quis orci eget,Jeep,Liberty,2012,5
211,ipsum dolor sit amet consectetuer,Saab,900,1993,5
212,ornare imperdiet sapien urna pretium,Dodge,Viper,2003,1
213,integer ac leo pellentesque ultrices mattis odio donec vitae,Nissan,Altima,2011,5
214,nam ultrices libero non mattis pulvinar nulla,Chrysler,Town & Country,1999,4
215,est risus auctor sed tristique in tempus,Buick,Skylark,1994,4
216,non velit donec diam neque vestibulum eget vulputate,Honda,CR-V,2003,5
217,a suscipit nulla elit ac nulla sed,Nissan,Altima,2013,1
218,duis aliquam convallis nunc proin at turpis a pede posuere,Nissan,Frontier,1999,3
219,neque aenean auctor gravida sem praesent,Chevrolet,Cavalier,2002,6
220,suscipit ligula in lacus curabitur at ipsum,Buick,Roadmaster,1995,5
221,nulla suscipit ligula in lacus curabitur at ipsum ac,Plymouth,Volare,1976,1
222,quis libero nullam sit amet turpis elementum ligula vehicula consequat,Ford,Thunderbird,1991,5
223,vivamus tortor duis mattis egestas metus aenean fermentum donec,Chrysler,LHS,1999,2
224,eros elementum pellentesque quisque porta volutpat,Jaguar,XJ Series,1997,5
225,nulla elit ac nulla sed,Mercury,Tracer,1998,7
226,lacus at turpis donec posuere metus,BMW,Z4,2009,3
227,luctus tincidunt nulla mollis molestie lorem quisque,Citroën,CX,1989,2
228,fusce posuere felis sed lacus,Bentley,Continental,2010,6
229,ut volutpat sapien arcu sed augue,Audi,A6,2000,5
230,quis lectus suspendisse potenti in eleifend quam a odio,Pontiac,Grand Prix,1970,5
231,erat volutpat in congue etiam justo etiam pretium,Honda,Accord,1990,7
232,ac tellus semper interdum mauris ullamcorper purus sit amet,Chevrolet,Aveo,2006,1
233,duis mattis egestas metus aenean fermentum donec,Honda,Passport,2001,7
234,nisl venenatis lacinia aenean sit,Toyota,Camry Solara,2007,2
235,blandit nam nulla integer pede justo lacinia,Nissan,Murano,2007,3
236,nulla eget eros elementum pellentesque quisque porta volutpat erat quisque,Toyota,Corolla,2009,2
237,vitae quam suspendisse potenti nullam porttitor,Chevrolet,Express 1500,2012,3
238,aliquam non mauris morbi non lectus aliquam,Ford,Thunderbird,1986,5
239,id lobortis convallis tortor risus dapibus augue vel accumsan,Audi,S4,2002,6
240,faucibus orci luctus et ultrices posuere,Chevrolet,Suburban 1500,2000,1
241,dolor quis odio consequat varius integer ac,Mazda,Mazda3,2010,5
242,turpis sed ante vivamus tortor duis mattis,Nissan,NV2500,2012,6
243,neque aenean auctor gravida sem praesent id massa id,Mitsubishi,Lancer Evolution,2002,4
244,orci eget orci vehicula condimentum,Mazda,MPV,1997,2
245,amet justo morbi ut odio,BMW,525,2001,7
246,tempus sit amet sem fusce consequat nulla,Volkswagen,R32,2008,2
247,erat curabitur gravida nisi at nibh,Ford,Crown Victoria,1997,7
248,praesent lectus vestibulum quam sapien,Scion,xD,2012,4
249,in lacus curabitur at ipsum ac tellus,Volkswagen,Cabriolet,1986,1
250,libero nam dui proin leo odio porttitor,Ford,Escape,2002,7
251,venenatis turpis enim blandit mi,Volkswagen,Fox,1987,5
252,integer a nibh in quis,Suzuki,Swift,1992,1
253,euismod scelerisque quam turpis adipiscing lorem vitae mattis nibh ligula,Acura,RL,2008,2
254,enim leo rhoncus sed vestibulum sit,Dodge,Ram 2500,2007,3
255,quis lectus suspendisse potenti in eleifend quam a odio in,Chevrolet,Sportvan G30,1994,7
256,pede venenatis non sodales sed tincidunt eu felis fusce,Lexus,IS-F,2010,6
257,donec diam neque vestibulum eget vulputate ut,Mercedes-Benz,CL-Class,2012,2
258,mauris enim leo rhoncus sed vestibulum sit amet cursus,Ford,Contour,1997,7
259,ipsum ac tellus semper interdum,Lexus,LX,1999,7
260,commodo vulputate justo in blandit ultrices enim lorem,Toyota,Tacoma Xtra,2000,4
261,sociis natoque penatibus et magnis dis parturient montes nascetur,Honda,Accord,1999,5
262,amet turpis elementum ligula vehicula consequat morbi,Lexus,CT,2011,3
263,mi sit amet lobortis sapien sapien non mi integer,Lexus,GS,2002,2
264,luctus et ultrices posuere cubilia curae duis faucibus accumsan,Mercedes-Benz,M-Class,2008,7
265,integer pede justo lacinia eget,Volvo,C70,2011,5
266,et ultrices posuere cubilia curae mauris,GMC,Envoy XUV,2004,2
267,commodo vulputate justo in blandit ultrices enim lorem ipsum,Volkswagen,Eos,2012,5
268,ornare imperdiet sapien urna pretium nisl ut volutpat,Saab,9-3,2010,6
269,dictumst maecenas ut massa quis augue luctus tincidunt nulla,Pontiac,Firefly,1984,5
270,maecenas rhoncus aliquam lacus morbi quis tortor,Cadillac,SRX,2005,4
271,semper rutrum nulla nunc purus phasellus in felis,Dodge,Caravan,2007,2
272,non lectus aliquam sit amet,Lexus,GX,2003,3
273,eros vestibulum ac est lacinia nisi venenatis,Ford,Explorer,1997,7
274,quis orci eget orci vehicula condimentum curabitur in libero ut,BMW,X6 M,2010,2
275,nulla ultrices aliquet maecenas leo odio condimentum id,Lotus,Esprit,1998,4
276,morbi sem mauris laoreet ut,Mercedes-Benz,E-Class,1988,6
277,ultrices posuere cubilia curae nulla dapibus,Mercedes-Benz,E-Class,1986,6
278,dolor sit amet consectetuer adipiscing elit proin risus praesent,Ford,Expedition EL,2009,4
279,duis bibendum morbi non quam nec dui luctus rutrum nulla,Chevrolet,Blazer,1992,4
280,interdum eu tincidunt in leo maecenas,Mitsubishi,Expo,1994,1
281,vivamus vel nulla eget eros elementum pellentesque quisque porta volutpat,GMC,Sierra Hybrid,2006,4
282,eget rutrum at lorem integer,Ford,Explorer Sport,2002,2
283,nullam sit amet turpis elementum ligula vehicula,Plymouth,Acclaim,1992,1
284,etiam justo etiam pretium iaculis justo in hac habitasse platea,Mazda,626,1985,2
285,ac neque duis bibendum morbi non,Saab,9-7X,2008,4
286,purus aliquet at feugiat non pretium quis lectus suspendisse potenti,Pontiac,Grand Am,1987,5
287,penatibus et magnis dis parturient montes nascetur,Toyota,Paseo,1995,2
288,nam congue risus semper porta volutpat quam pede,Ford,Thunderbird,2003,6
289,nulla pede ullamcorper augue a,Mercedes-Benz,E-Class,1989,3
290,adipiscing molestie hendrerit at vulputate vitae,BMW,Z4,2004,2
291,at diam nam tristique tortor,Toyota,Camry,1997,2
292,sit amet eros suspendisse accumsan tortor quis turpis,Dodge,Durango,2007,6
293,elementum eu interdum eu tincidunt in leo,Honda,Ridgeline,2010,3
294,mauris lacinia sapien quis libero nullam sit,Toyota,Camry,1996,1
295,aliquam augue quam sollicitudin vitae consectetuer eget rutrum at,Isuzu,Rodeo,2003,1
296,est quam pharetra magna ac consequat,Cadillac,Seville,1996,4
297,justo etiam pretium iaculis justo in,Lotus,Esprit,2003,5
298,habitasse platea dictumst maecenas ut massa quis,Lincoln,Town Car,2006,6
299,in faucibus orci luctus et ultrices posuere,Volvo,XC90,2005,1
300,consequat lectus in est risus,Chevrolet,Sonic,2012,2
301,eget nunc donec quis orci eget orci vehicula condimentum curabitur,Mazda,626,2001,7
302,adipiscing lorem vitae mattis nibh ligula nec sem,Chevrolet,Sportvan G20,1994,7
303,orci luctus et ultrices posuere cubilia curae,Chevrolet,Camaro,1975,3
304,in tempor turpis nec euismod,Cadillac,CTS,2008,5
305,mus etiam vel augue vestibulum rutrum rutrum neque aenean,Dodge,Stratus,2004,5
306,magna bibendum imperdiet nullam orci pede venenatis non,GMC,Yukon,1992,2
307,vel nisl duis ac nibh fusce,Mercedes-Benz,SLK55 AMG,2009,4
308,luctus rutrum nulla tellus in sagittis dui vel,Land Rover,Range Rover Evoque,2012,7
309,aliquet ultrices erat tortor sollicitudin mi sit amet,Ford,Tempo,1989,1
310,mauris morbi non lectus aliquam,BMW,7 Series,2006,3
311,sollicitudin ut suscipit a feugiat et,Lamborghini,Diablo,1999,5
312,placerat ante nulla justo aliquam quis turpis eget,Audi,A4,2004,7
313,lorem ipsum dolor sit amet consectetuer,Volkswagen,Eos,2009,2
314,orci nullam molestie nibh in,Toyota,Echo,2004,5
315,id pretium iaculis diam erat fermentum justo nec,Toyota,4Runner,2010,4
316,id ornare imperdiet sapien urna pretium,Mercury,Cougar,1968,7
317,mus vivamus vestibulum sagittis sapien cum sociis natoque,Buick,LeSabre,1994,2
318,maecenas leo odio condimentum id luctus nec molestie,Mazda,626,1995,7
319,lobortis sapien sapien non mi integer ac neque,GMC,Vandura 2500,1992,2
320,mi integer ac neque duis bibendum morbi non quam nec,Suzuki,Sidekick,1989,5
321,sapien iaculis congue vivamus metus,Chevrolet,Cavalier,2001,1
322,sapien varius ut blandit non interdum in,Toyota,Corolla,2012,3
323,nulla neque libero convallis eget,Lincoln,MKS,2012,5
324,turpis integer aliquet massa id lobortis,Mazda,MX-6,1994,4
325,duis at velit eu est congue elementum in hac,Lexus,RX,2011,4
326,cursus id turpis integer aliquet massa id lobortis convallis tortor,Buick,LeSabre,1991,3
327,sapien sapien non mi integer ac neque duis bibendum morbi,Mercury,Topaz,1984,3
328,sollicitudin mi sit amet lobortis sapien sapien non,Subaru,Legacy,2001,4
329,aenean fermentum donec ut mauris eget massa tempor convallis,Plymouth,Grand Voyager,1999,4
330,vulputate luctus cum sociis natoque penatibus et magnis dis parturient,Chevrolet,S10,2002,3
331,suspendisse potenti cras in purus eu,Chrysler,Town & Country,1996,7
332,adipiscing elit proin interdum mauris non ligula pellentesque ultrices phasellus,GMC,3500,1993,7
333,turpis enim blandit mi in porttitor pede justo eu,Hyundai,Elantra,1996,4
334,lobortis sapien sapien non mi integer ac,Audi,S4,2011,3
335,sagittis sapien cum sociis natoque penatibus et magnis dis parturient,Jaguar,XJ,2007,5
336,lacinia nisi venenatis tristique fusce congue diam id,Audi,V8,1990,1
337,id justo sit amet sapien dignissim vestibulum vestibulum ante ipsum,Mazda,RX-7,1983,5
338,eu orci mauris lacinia sapien quis,Suzuki,Esteem,1996,3
339,tempus vivamus in felis eu sapien cursus vestibulum proin eu,Saab,900,1987,7
340,vel enim sit amet nunc viverra dapibus nulla,Mazda,RX-8,2006,6
341,quisque arcu libero rutrum ac,Lincoln,MKX,2012,2
342,eget vulputate ut ultrices vel augue vestibulum ante ipsum primis,Ford,F250,1995,4
343,cubilia curae mauris viverra diam vitae quam,Honda,Accord,2002,1
344,nam ultrices libero non mattis pulvinar nulla,Lexus,RX,2005,5
345,libero nullam sit amet turpis elementum ligula vehicula,Dodge,Challenger,2010,6
346,aliquet pulvinar sed nisl nunc rhoncus,Ford,Windstar,2000,7
347,sit amet sapien dignissim vestibulum vestibulum ante ipsum primis in,Mitsubishi,Diamante,1997,1
348,ut massa volutpat convallis morbi odio odio elementum eu,Nissan,Xterra,2007,4
349,amet eleifend pede libero quis,Volvo,C70,2003,1
350,cursus urna ut tellus nulla,Honda,Accord,2006,3
351,convallis eget eleifend luctus ultricies eu nibh quisque id,Ram,3500,2011,7
352,eu orci mauris lacinia sapien quis,Volkswagen,Golf,2003,3
353,non mauris morbi non lectus aliquam sit amet,Land Rover,Range Rover,1993,5
354,feugiat non pretium quis lectus,Honda,Fit,2012,2
355,convallis eget eleifend luctus ultricies,GMC,Yukon XL 2500,2012,3
356,integer non velit donec diam neque vestibulum eget,Nissan,Altima,1999,1
357,dui vel nisl duis ac,Maserati,Quattroporte,2009,3
358,nulla pede ullamcorper augue a suscipit,Buick,Rainier,2005,5
359,mattis odio donec vitae nisi,Pontiac,Aztek,2003,5
360,augue quam sollicitudin vitae consectetuer eget rutrum at,Dodge,Nitro,2010,5
361,eros suspendisse accumsan tortor quis turpis sed,Eagle,Talon,1992,1
362,semper interdum mauris ullamcorper purus sit amet nulla quisque,BMW,M3,2006,7
363,dignissim vestibulum vestibulum ante ipsum primis in faucibus orci,Saturn,Relay,2005,1
364,sed sagittis nam congue risus semper porta volutpat quam,Isuzu,VehiCROSS,2000,6
365,sapien sapien non mi integer ac neque duis bibendum morbi,Saab,9000,1987,1
366,ultrices aliquet maecenas leo odio condimentum id luctus,Volvo,V90,1998,6
367,nulla dapibus dolor vel est donec odio justo,Volkswagen,Touareg,2010,6
368,integer non velit donec diam neque vestibulum,Audi,TT,2000,3
369,nulla integer pede justo lacinia,Infiniti,G,1999,1
370,augue a suscipit nulla elit ac,Ford,Explorer Sport,2001,4
371,convallis morbi odio odio elementum eu interdum,Chevrolet,Venture,2005,5
372,mattis nibh ligula nec sem,Pontiac,Bonneville,2001,3
373,ultrices posuere cubilia curae duis faucibus accumsan odio,Subaru,Justy,1988,1
374,ultricies eu nibh quisque id justo sit amet sapien dignissim,Ford,Expedition,2009,4
375,ac lobortis vel dapibus at diam nam tristique tortor eu,Audi,V8,1994,2
376,a pede posuere nonummy integer,GMC,Sonoma Club Coupe,1994,2
377,leo odio condimentum id luctus nec molestie sed justo,Pontiac,Montana,2004,5
378,etiam faucibus cursus urna ut tellus,Scion,tC,2007,7
379,nunc purus phasellus in felis donec semper sapien,Buick,Lucerne,2006,4
380,montes nascetur ridiculus mus vivamus vestibulum sagittis sapien cum sociis,Toyota,T100 Xtra,1997,7
381,parturient montes nascetur ridiculus mus etiam vel augue,Chrysler,Town & Country,2002,3
382,id sapien in sapien iaculis congue,Ford,Mustang,2012,4
383,turpis donec posuere metus vitae ipsum aliquam non,Chevrolet,Monte Carlo,2001,7
384,augue vestibulum ante ipsum primis,Volkswagen,Passat,2005,3
385,ut erat curabitur gravida nisi at nibh in hac,Mercury,Capri,1991,7
386,quis turpis sed ante vivamus tortor duis mattis egestas,Chevrolet,Camaro,2012,6
387,fusce congue diam id ornare imperdiet,Hummer,H3,2010,5
388,quisque porta volutpat erat quisque erat eros viverra eget,Ford,E-Series,1996,5
389,pellentesque eget nunc donec quis,Mitsubishi,Diamante,2005,7
390,mi pede malesuada in imperdiet,Cadillac,SRX,2006,5
391,quis orci eget orci vehicula,Mercedes-Benz,M-Class,2009,7
392,erat curabitur gravida nisi at nibh,Honda,Accord,1995,2
393,vehicula condimentum curabitur in libero ut massa,Volkswagen,GTI,2012,6
394,mollis molestie lorem quisque ut erat curabitur gravida nisi at,Toyota,Celica,2002,2
395,feugiat et eros vestibulum ac est lacinia nisi venenatis tristique,Pontiac,Firefly,1988,3
396,amet sapien dignissim vestibulum vestibulum ante ipsum primis in,Mitsubishi,Outlander Sport,2011,3
397,orci mauris lacinia sapien quis,Ford,Escape,2005,2
398,ac nibh fusce lacus purus aliquet at,Audi,5000S,1984,4
399,lacinia nisi venenatis tristique fusce congue diam,Volkswagen,Jetta,2012,3
400,maecenas rhoncus aliquam lacus morbi quis tortor id nulla,Volkswagen,Eurovan,1995,1
401,vel lectus in quam fringilla rhoncus mauris enim leo rhoncus,Mercedes-Benz,300E,1993,4
402,purus eu magna vulputate luctus cum sociis natoque,Volvo,V70,1999,5
403,nisl duis bibendum felis sed interdum venenatis turpis enim,Buick,Skyhawk,1987,2
404,erat volutpat in congue etiam justo,Plymouth,Voyager,1993,3
405,vel lectus in quam fringilla,Chevrolet,2500,1993,1
406,integer aliquet massa id lobortis convallis,Buick,LeSabre,1998,3
407,luctus et ultrices posuere cubilia curae donec pharetra magna vestibulum,Cadillac,Seville,2001,2
408,eu felis fusce posuere felis sed lacus,Lexus,SC,1994,1
409,id mauris vulputate elementum nullam varius nulla facilisi cras,Kia,Optima,2007,4
410,tempus vel pede morbi porttitor lorem id ligula suspendisse,Mazda,MX-5,1997,6
411,nulla sed accumsan felis ut at dolor quis odio consequat,Chevrolet,Tahoe,2002,2
412,luctus cum sociis natoque penatibus et magnis dis parturient,Pontiac,Grand Prix,1997,3
413,curabitur convallis duis consequat dui nec nisi volutpat eleifend,Ford,E-Series,1985,2
414,at vulputate vitae nisl aenean lectus,Dodge,Dakota,1995,1
415,consequat lectus in est risus auctor sed tristique in tempus,Saab,9000,1988,1
416,duis bibendum morbi non quam nec,Nissan,Armada,2008,7
417,mollis molestie lorem quisque ut erat,Lincoln,MKT,2013,7
418,imperdiet et commodo vulputate justo in blandit ultrices enim,Chevrolet,Impala,2002,2
419,nisl ut volutpat sapien arcu,Pontiac,Firebird,1987,4
420,ante vel ipsum praesent blandit lacinia erat,Chevrolet,Malibu,2004,1
421,nullam orci pede venenatis non sodales sed,Ford,Crown Victoria,2003,1
422,vulputate elementum nullam varius nulla facilisi cras,Ford,F250,2001,3
423,vivamus vel nulla eget eros elementum pellentesque,Chevrolet,Monte Carlo,2004,6
424,quis orci nullam molestie nibh in lectus pellentesque at,Maserati,Spyder,1990,7
425,fermentum justo nec condimentum neque sapien placerat,Porsche,911,2002,6
426,sit amet turpis elementum ligula,Mazda,Protege,2002,7
427,orci luctus et ultrices posuere cubilia curae nulla dapibus,GMC,Safari,2003,7
428,lectus in quam fringilla rhoncus,Mitsubishi,Lancer,2009,5
429,et ultrices posuere cubilia curae nulla dapibus dolor,Mitsubishi,L300,1990,6
430,nulla elit ac nulla sed vel enim sit amet nunc,Honda,S2000,2009,1
431,ornare imperdiet sapien urna pretium nisl,Infiniti,G,2009,3
432,viverra dapibus nulla suscipit ligula in,GMC,Yukon XL 2500,2009,7
433,curabitur in libero ut massa volutpat convallis morbi odio,Chrysler,PT Cruiser,2009,6
434,imperdiet sapien urna pretium nisl ut volutpat,Toyota,Tacoma,2012,1
435,consequat nulla nisl nunc nisl duis bibendum felis sed interdum,Plymouth,Breeze,1996,4
436,curae nulla dapibus dolor vel est donec,Chevrolet,Camaro,1977,5
437,nisi at nibh in hac,Studebaker,Avanti,1962,3
438,faucibus accumsan odio curabitur convallis duis consequat,Aston Martin,V8 Vantage,2010,7
439,blandit lacinia erat vestibulum sed magna at,Chevrolet,Silverado 2500,2005,4
440,morbi a ipsum integer a nibh in quis,Suzuki,SX4,2010,5
441,dictumst etiam faucibus cursus urna ut tellus nulla ut,Ferrari,599 GTB Fiorano,2009,6
442,mauris lacinia sapien quis libero nullam sit amet turpis,Mercury,Sable,2001,3
443,nulla neque libero convallis eget,Pontiac,Aztek,2002,3
444,in magna bibendum imperdiet nullam orci pede,Jeep,Wrangler,2004,7
445,vivamus in felis eu sapien cursus vestibulum proin,Porsche,911,1985,6
446,sed justo pellentesque viverra pede,Subaru,Forester,1998,2
447,tempus semper est quam pharetra magna,GMC,Rally Wagon 2500,1993,1
448,aliquet at feugiat non pretium quis lectus suspendisse potenti in,Cadillac,XLR-V,2006,1
449,malesuada in imperdiet et commodo vulputate justo in blandit,Nissan,GT-R,2010,5
450,a feugiat et eros vestibulum ac est lacinia,Honda,Accord,1992,5
451,orci luctus et ultrices posuere cubilia curae duis,Honda,Odyssey,2010,7
452,diam in magna bibendum imperdiet,Honda,Civic,2011,3
453,mauris ullamcorper purus sit amet,Ford,Explorer,2013,3
454,quisque id justo sit amet,Chevrolet,Silverado 1500,2008,2
455,neque libero convallis eget eleifend luctus ultricies eu,Buick,Riviera,1998,5
456,arcu adipiscing molestie hendrerit at vulputate vitae nisl aenean lectus,Honda,Civic,2011,6
457,pulvinar sed nisl nunc rhoncus dui vel sem sed,Nissan,Cube,2009,2
458,habitasse platea dictumst aliquam augue quam sollicitudin vitae consectetuer eget,Volkswagen,Cabriolet,1989,2
459,varius integer ac leo pellentesque ultrices mattis odio donec,Hyundai,Accent,2003,6
460,proin eu mi nulla ac enim,Lamborghini,Countach,1988,6
461,urna ut tellus nulla ut erat id,Ford,F150,2002,1
462,aenean fermentum donec ut mauris eget,Buick,LeSabre,2000,7
463,semper interdum mauris ullamcorper purus sit,Panoz,Esperante,2008,6
464,ut nunc vestibulum ante ipsum primis in faucibus orci,Chrysler,Voyager,2000,1
465,ac lobortis vel dapibus at,Kia,Rondo,2008,7
466,tincidunt ante vel ipsum praesent,Dodge,Viper,2008,6
467,consequat nulla nisl nunc nisl duis bibendum felis sed interdum,Toyota,Highlander,2010,6
468,at nulla suspendisse potenti cras in purus eu magna,Pontiac,G6,2007,7
469,eget semper rutrum nulla nunc purus phasellus in felis,BMW,3 Series,2003,5
470,sollicitudin mi sit amet lobortis sapien,Ford,Expedition,2008,5
471,vestibulum proin eu mi nulla ac enim in tempor turpis,Chrysler,Sebring,1996,5
472,erat vestibulum sed magna at nunc,Buick,LeSabre,1985,5
473,quam sapien varius ut blandit non interdum in ante vestibulum,Infiniti,G,1993,5
474,mauris viverra diam vitae quam,Chevrolet,Express 2500,2006,3
475,vivamus metus arcu adipiscing molestie hendrerit at vulputate,Honda,Passport,1997,2
476,lorem quisque ut erat curabitur gravida nisi at,Bentley,Continental,2009,4
477,neque duis bibendum morbi non quam nec,Mazda,Protege5,2002,6
478,phasellus id sapien in sapien iaculis congue vivamus metus arcu,Dodge,Charger,2009,3
479,nonummy maecenas tincidunt lacus at velit vivamus,Lincoln,Continental Mark VII,1990,3
480,a nibh in quis justo maecenas rhoncus,Volkswagen,Passat,1995,7
481,vestibulum rutrum rutrum neque aenean auctor gravida sem praesent,Buick,LaCrosse,2005,6
482,blandit lacinia erat vestibulum sed magna,Ford,F350,2006,3
483,maecenas rhoncus aliquam lacus morbi quis tortor,Toyota,Land Cruiser,2003,6
484,ut dolor morbi vel lectus in quam fringilla rhoncus mauris,Mazda,Familia,1991,5
485,mi sit amet lobortis sapien sapien non mi integer,Ford,Contour,2000,4
486,erat eros viverra eget congue eget semper rutrum nulla nunc,Jeep,Cherokee,1996,6
487,erat volutpat in congue etiam justo etiam pretium,Mazda,MX-5,2007,7
488,tincidunt in leo maecenas pulvinar lobortis est phasellus sit,Land Rover,Freelander,2005,4
489,donec ut mauris eget massa tempor convallis nulla neque libero,Suzuki,SX4,2010,1
490,curabitur convallis duis consequat dui nec nisi volutpat eleifend,Volkswagen,Golf,1991,1
491,sapien varius ut blandit non interdum,MINI,Clubman,2008,1
492,nullam molestie nibh in lectus pellentesque,Audi,80,1989,7
493,fusce consequat nulla nisl nunc,Lincoln,LS,2005,6
494,sed vestibulum sit amet cursus,Mercury,Sable,1995,7
495,posuere cubilia curae duis faucibus accumsan odio curabitur,Mitsubishi,Pajero,1986,6
496,ante vestibulum ante ipsum primis,Mercury,Grand Marquis,1998,5
497,nulla sed vel enim sit amet,Maserati,Quattroporte,2005,5
498,tellus nulla ut erat id mauris vulputate elementum nullam,Lincoln,Navigator,1998,1
499,consequat nulla nisl nunc nisl,Nissan,Sentra,1999,7
500,accumsan tortor quis turpis sed ante,GMC,Yukon,1997,7
501,lectus in quam fringilla rhoncus mauris enim leo rhoncus,Mercedes-Benz,G-Class,2002,3
502,ut nulla sed accumsan felis ut,Dodge,Intrepid,1997,2
503,lorem vitae mattis nibh ligula nec sem duis,Lamborghini,Diablo,2001,2
504,posuere felis sed lacus morbi sem mauris laoreet ut,Aston Martin,V8 Vantage S,2012,2
505,pede ac diam cras pellentesque volutpat dui,Chevrolet,Corvette,1954,1
506,ligula in lacus curabitur at ipsum ac tellus,Jeep,Wrangler,2000,2
507,nulla ac enim in tempor turpis nec euismod scelerisque quam,Jeep,Compass,2010,7
508,eros vestibulum ac est lacinia nisi venenatis tristique,MINI,Countryman,2012,1
509,praesent id massa id nisl venenatis lacinia aenean,GMC,Suburban 1500,1996,7
510,in ante vestibulum ante ipsum,Lincoln,Navigator,2002,4
511,pretium nisl ut volutpat sapien arcu,Subaru,Legacy,2006,3
512,curae mauris viverra diam vitae quam,Audi,riolet,1995,5
513,turpis a pede posuere nonummy integer non velit,Saturn,VUE,2006,1
514,dolor sit amet consectetuer adipiscing elit,Toyota,Celica,1992,5
515,sem mauris laoreet ut rhoncus aliquet pulvinar,Mitsubishi,Lancer,2001,5
516,ante ipsum primis in faucibus,Toyota,Land Cruiser,2003,1
517,sit amet sapien dignissim vestibulum vestibulum ante,Ford,Expedition,1998,7
518,non velit donec diam neque vestibulum,Infiniti,J,1997,7
519,mattis nibh ligula nec sem duis aliquam convallis nunc,Ford,Explorer,2008,6
520,id consequat in consequat ut nulla,Toyota,Highlander Hybrid,2007,5
521,nunc proin at turpis a pede posuere nonummy integer non,Chrysler,LHS,2001,6
522,tempus vel pede morbi porttitor lorem id ligula suspendisse,Cadillac,Catera,1999,4
523,praesent blandit nam nulla integer pede justo,Isuzu,Ascender,2007,7
524,amet lobortis sapien sapien non mi integer,Ford,F350,1997,7
525,parturient montes nascetur ridiculus mus,Lexus,ES,2008,7
526,leo pellentesque ultrices mattis odio donec vitae nisi nam ultrices,Chevrolet,Express,2011,1
527,justo maecenas rhoncus aliquam lacus morbi quis tortor,GMC,Safari,1999,1
528,orci nullam molestie nibh in,Porsche,928,1987,2
529,rhoncus aliquam lacus morbi quis tortor,Jaguar,S-Type,2006,3
530,rhoncus aliquam lacus morbi quis tortor,Maserati,Spyder,2003,3
531,massa donec dapibus duis at velit eu est congue,Toyota,FJ Cruiser,2012,4
532,ante ipsum primis in faucibus,Volkswagen,Golf,1992,4
533,vitae nisi nam ultrices libero non mattis,Isuzu,i-370,2008,4
534,libero convallis eget eleifend luctus,Mazda,MX-5,1992,5
535,quam turpis adipiscing lorem vitae,Mitsubishi,Eclipse,1997,6
536,est risus auctor sed tristique in,Nissan,Maxima,1992,7
537,elit proin risus praesent lectus,Porsche,911,1999,5
538,proin leo odio porttitor id consequat in consequat ut,Lincoln,Town Car,2011,2
539,quam turpis adipiscing lorem vitae mattis nibh,Acura,NSX,2002,2
540,sit amet justo morbi ut odio cras,Mitsubishi,Galant,1989,4
541,nisl nunc nisl duis bibendum felis sed,Chevrolet,Corvette,1999,7
542,fusce posuere felis sed lacus morbi sem,Mercedes-Benz,190E,1993,1
543,ipsum primis in faucibus orci luctus et ultrices posuere cubilia,GMC,Sierra 3500,2003,3
544,vehicula consequat morbi a ipsum integer,Mazda,MX-6,1989,1
545,at turpis donec posuere metus vitae ipsum,Dodge,Dakota,1995,3
546,vivamus vestibulum sagittis sapien cum sociis natoque penatibus et magnis,GMC,Sierra Hybrid,2006,2
547,id justo sit amet sapien dignissim vestibulum vestibulum ante ipsum,Dodge,Dakota,1996,1
548,ultrices phasellus id sapien in sapien iaculis congue vivamus,Mitsubishi,Raider,2007,6
549,dictumst maecenas ut massa quis augue luctus tincidunt nulla mollis,Bentley,Continental Flying Spur,2007,3
550,nisl aenean lectus pellentesque eget nunc donec,Oldsmobile,Aurora,2001,2
551,in lacus curabitur at ipsum ac tellus semper,Aston Martin,DB9,2010,3
552,sodales sed tincidunt eu felis fusce posuere felis sed lacus,Lexus,RX,2012,5
553,congue etiam justo etiam pretium iaculis justo in,Jeep,Wrangler,2010,5
554,pede malesuada in imperdiet et commodo vulputate justo in,Ford,Explorer,2002,6
555,mi nulla ac enim in tempor turpis nec,Lexus,GX,2011,6
556,nam dui proin leo odio,Chevrolet,APV,1993,6
557,sed lacus morbi sem mauris,GMC,Savana 3500,2005,6
558,adipiscing elit proin risus praesent lectus vestibulum quam sapien varius,Mitsubishi,Galant,2007,3
559,ultrices posuere cubilia curae nulla dapibus,Mercedes-Benz,C-Class,2010,3
560,est lacinia nisi venenatis tristique,Chevrolet,Suburban 2500,1995,5
561,lectus in est risus auctor,Lexus,GS,1994,1
562,velit id pretium iaculis diam erat fermentum justo,Volkswagen,Jetta,2002,6
563,quis libero nullam sit amet,Chevrolet,Express 1500,2003,6
564,faucibus orci luctus et ultrices posuere cubilia curae duis faucibus,GMC,Yukon,1992,5
565,quis augue luctus tincidunt nulla,Kia,Sedona,2010,2
566,magna bibendum imperdiet nullam orci pede venenatis non sodales,Lamborghini,Countach,1985,3
567,ultrices enim lorem ipsum dolor sit amet consectetuer,Dodge,Caravan,2008,5
568,in quam fringilla rhoncus mauris enim leo rhoncus,Honda,Passport,2001,5
569,blandit nam nulla integer pede justo lacinia,Ford,E250,2009,7
570,enim in tempor turpis nec euismod scelerisque quam turpis,Land Rover,LR3,2008,3
571,dolor vel est donec odio justo,Chevrolet,Express 3500,2008,5
572,lectus pellentesque eget nunc donec quis orci eget orci,Hyundai,Accent,2013,5
573,gravida sem praesent id massa id,Honda,CR-Z,2012,6
574,vestibulum ante ipsum primis in faucibus,Ford,Taurus,1995,4
575,sed interdum venenatis turpis enim blandit,Honda,Pilot,2002,5
576,in tempor turpis nec euismod scelerisque quam turpis,GMC,2500,1997,4
577,viverra dapibus nulla suscipit ligula in lacus curabitur,Cadillac,Seville,1994,4
578,sapien placerat ante nulla justo aliquam quis turpis,Mazda,929,1994,4
579,ac neque duis bibendum morbi non,Dodge,Colt,1993,6
580,vestibulum quam sapien varius ut blandit non interdum,MINI,Clubman,2009,3
581,rhoncus dui vel sem sed,BMW,550,2006,6
582,magnis dis parturient montes nascetur,Cadillac,Eldorado,1994,4
583,varius ut blandit non interdum in ante vestibulum ante,Lexus,LX,1999,3
584,at ipsum ac tellus semper,Saab,9-5,2005,3
585,vel lectus in quam fringilla rhoncus mauris enim leo rhoncus,BMW,X3,2012,1
586,velit nec nisi vulputate nonummy,Suzuki,Sidekick,1996,1
587,ac leo pellentesque ultrices mattis,Dodge,Intrepid,1999,4
588,platea dictumst aliquam augue quam sollicitudin vitae consectetuer eget rutrum,Dodge,Charger,2007,5
589,platea dictumst etiam faucibus cursus urna,Mercedes-Benz,SL-Class,1996,1
590,id lobortis convallis tortor risus dapibus,Subaru,XT,1989,5
591,viverra diam vitae quam suspendisse potenti nullam porttitor,Mercedes-Benz,R-Class,2007,6
592,convallis tortor risus dapibus augue vel accumsan,Volkswagen,rio,2002,6
593,ut dolor morbi vel lectus in quam fringilla rhoncus mauris,Pontiac,Bonneville,1988,6
594,molestie nibh in lectus pellentesque at,Lexus,SC,2006,3
595,integer pede justo lacinia eget tincidunt,MINI,Cooper,2002,4
596,enim in tempor turpis nec euismod scelerisque quam turpis,Hyundai,Scoupe,1994,6
597,non mauris morbi non lectus aliquam,Mercury,Milan,2007,4
598,neque libero convallis eget eleifend luctus ultricies,Volvo,C70,2006,6
599,donec dapibus duis at velit,Plymouth,Neon,1996,2
600,duis ac nibh fusce lacus purus aliquet at,Dodge,Ram Van 2500,2003,4
601,volutpat quam pede lobortis ligula sit,Cadillac,XLR,2008,1
602,et eros vestibulum ac est lacinia nisi venenatis,Infiniti,I,2000,7
603,etiam vel augue vestibulum rutrum rutrum,Nissan,Sentra,1993,7
604,semper rutrum nulla nunc purus phasellus in felis donec semper,Chevrolet,G-Series G30,1993,2
605,vel augue vestibulum ante ipsum primis in faucibus orci,Toyota,Celica,1997,7
606,leo rhoncus sed vestibulum sit amet cursus id,Chrysler,Crossfire,2004,6
607,ipsum praesent blandit lacinia erat vestibulum sed magna at nunc,Daewoo,Nubira,2001,2
608,eget tincidunt eget tempus vel,Jeep,Grand Cherokee,1993,6
609,mi pede malesuada in imperdiet,Isuzu,Axiom,2002,3
610,libero quis orci nullam molestie nibh,Aston Martin,Vantage,2010,5
611,sociis natoque penatibus et magnis dis,Nissan,Quest,1999,1
612,felis fusce posuere felis sed lacus morbi sem mauris laoreet,Aston Martin,V8 Vantage,2011,4
613,eros elementum pellentesque quisque porta volutpat erat quisque,Geo,Tracker,1996,4
614,pede posuere nonummy integer non velit donec,Buick,Park Avenue,1998,3
615,cubilia curae donec pharetra magna vestibulum aliquet ultrices erat,Dodge,Caliber,2007,4
616,justo nec condimentum neque sapien placerat ante nulla justo aliquam,Volvo,C70,1999,4
617,mauris laoreet ut rhoncus aliquet pulvinar sed nisl,Mercury,Milan,2007,7
618,turpis elementum ligula vehicula consequat morbi a,Aptera,2e,2009,3
619,odio in hac habitasse platea dictumst maecenas ut massa,Suzuki,SX4,2010,3
620,justo sollicitudin ut suscipit a,Suzuki,Kizashi,2010,6
621,quis odio consequat varius integer ac leo pellentesque ultrices,Dodge,Ramcharger,1993,6
622,gravida nisi at nibh in hac,Pontiac,Grand Prix,1996,7
623,congue diam id ornare imperdiet sapien urna pretium,Nissan,Xterra,2009,7
624,porttitor lacus at turpis donec posuere,Nissan,Xterra,2000,3
625,eu interdum eu tincidunt in,Dodge,Challenger,2011,7
626,nisi venenatis tristique fusce congue diam,Pontiac,Vibe,2009,7
627,amet lobortis sapien sapien non mi integer,Porsche,928,1988,7
628,pretium iaculis diam erat fermentum,Honda,Accord,2010,7
629,vulputate luctus cum sociis natoque,Jeep,Wrangler,1999,1
630,sollicitudin ut suscipit a feugiat et eros,Infiniti,QX,2008,7
631,est phasellus sit amet erat nulla tempus vivamus in,Land Rover,LR4,2011,5
632,convallis morbi odio odio elementum,Mercury,Grand Marquis,1993,7
633,pede ullamcorper augue a suscipit nulla elit ac nulla,GMC,Yukon,1998,4
634,tortor sollicitudin mi sit amet lobortis sapien sapien,Alfa Romeo,164,1994,6
635,interdum eu tincidunt in leo maecenas pulvinar,Subaru,Alcyone SVX,1993,4
636,nulla ac enim in tempor,GMC,Sierra 3500,2009,7
637,donec diam neque vestibulum eget vulputate ut,BMW,645,2004,5
638,nunc donec quis orci eget,GMC,Savana 3500,2003,3
639,dolor quis odio consequat varius integer,Audi,A8,2003,1
640,dapibus at diam nam tristique tortor eu,Mitsubishi,Galant,1984,4
641,ultricies eu nibh quisque id justo sit,Isuzu,i-350,2006,1
642,iaculis justo in hac habitasse platea dictumst,Ford,Explorer,2013,4
643,vel sem sed sagittis nam congue risus semper porta,BMW,6 Series,2005,2
644,convallis nunc proin at turpis a pede posuere nonummy integer,Dodge,Ram 2500,2003,2
645,hac habitasse platea dictumst morbi vestibulum velit id pretium iaculis,Suzuki,Sidekick,1992,7
646,felis sed lacus morbi sem,BMW,545,2005,6
647,nibh quisque id justo sit amet sapien dignissim vestibulum vestibulum,Lincoln,MKT,2010,7
648,et commodo vulputate justo in blandit ultrices enim lorem ipsum,Lincoln,MKX,2013,4
649,a libero nam dui proin,Volvo,960,1992,5
650,viverra dapibus nulla suscipit ligula in,Chevrolet,Suburban 2500,2008,6
651,sapien varius ut blandit non interdum in,BMW,525,2004,6
652,ultrices vel augue vestibulum ante ipsum primis,Mercury,Montego,2005,3
653,blandit mi in porttitor pede justo eu,Volkswagen,GTI,1990,2
654,diam in magna bibendum imperdiet nullam orci,BMW,M5,2008,4
655,felis sed lacus morbi sem mauris laoreet ut,Toyota,Supra,1992,1
656,cras in purus eu magna vulputate luctus cum sociis,Toyota,Avalon,2000,6
657,platea dictumst aliquam augue quam sollicitudin,Bentley,Brooklands,2009,5
658,eget massa tempor convallis nulla,Volkswagen,Eos,2008,2
659,at vulputate vitae nisl aenean,Isuzu,Trooper,1993,7
660,a ipsum integer a nibh in quis justo,Buick,Skylark,1992,5
661,augue vestibulum ante ipsum primis in faucibus,Audi,Coupe Quattro,1990,1
662,morbi vestibulum velit id pretium iaculis diam,Audi,A4,2005,5
663,non sodales sed tincidunt eu felis fusce posuere felis sed,Mercury,Mariner,2007,3
664,posuere metus vitae ipsum aliquam non mauris morbi non lectus,Mitsubishi,Challenger,2004,6
665,quam fringilla rhoncus mauris enim leo rhoncus sed vestibulum,Mazda,CX-7,2007,2
666,felis sed lacus morbi sem,Mercedes-Benz,C-Class,2008,1
667,eros elementum pellentesque quisque porta,Ford,E150,2007,2
668,volutpat in congue etiam justo etiam,Audi,S6,2003,5
669,ut erat curabitur gravida nisi at nibh in hac,Dodge,Caravan,2008,3
670,venenatis tristique fusce congue diam id ornare imperdiet sapien,Toyota,Paseo,1994,6
671,turpis sed ante vivamus tortor duis mattis egestas,Ford,LTD Crown Victoria,1990,4
672,curae mauris viverra diam vitae quam suspendisse potenti nullam porttitor,Ford,Transit Connect,2012,4
673,eget orci vehicula condimentum curabitur in libero ut,Audi,A4,2003,4
674,donec odio justo sollicitudin ut suscipit a feugiat et eros,Bentley,Continental GTC,2007,3
675,adipiscing lorem vitae mattis nibh ligula nec sem,Ford,Festiva,1990,6
676,aliquam lacus morbi quis tortor id nulla ultrices aliquet,Cadillac,Escalade,2009,6
677,nisl venenatis lacinia aenean sit amet,Rolls-Royce,Phantom,2009,6
678,sed sagittis nam congue risus semper porta volutpat,GMC,Vandura 2500,1993,4
679,risus auctor sed tristique in tempus sit amet,Ford,Ranger,1991,2
680,pede libero quis orci nullam molestie nibh,Mercedes-Benz,G-Class,2002,5
681,interdum in ante vestibulum ante ipsum primis in faucibus,Chevrolet,Suburban 2500,1996,3
682,erat nulla tempus vivamus in felis eu,GMC,Jimmy,2000,2
683,in imperdiet et commodo vulputate justo in blandit ultrices,Mercedes-Benz,W201,1987,1
684,nibh in lectus pellentesque at,Pontiac,Montana,2004,1
685,aenean auctor gravida sem praesent,Nissan,Quest,1997,2
686,sit amet justo morbi ut odio cras mi pede malesuada,Buick,Regal,1987,4
687,amet sem fusce consequat nulla,Volvo,S40,2003,6
688,nam nulla integer pede justo lacinia eget tincidunt eget,Ford,Explorer,2004,7
689,vel nulla eget eros elementum,Chevrolet,Suburban 1500,2008,1
690,tempor convallis nulla neque libero convallis eget eleifend luctus,GMC,EV1,1999,3
691,quis orci nullam molestie nibh in lectus pellentesque at,Chevrolet,Silverado,2006,6
692,tempus sit amet sem fusce consequat nulla nisl,Maserati,GranTurismo,2011,6
693,turpis enim blandit mi in porttitor,Saab,900,1995,2
694,dapibus nulla suscipit ligula in,BMW,5 Series,2010,6
695,dolor sit amet consectetuer adipiscing,Mazda,MX-5,1998,6
696,ac leo pellentesque ultrices mattis odio donec,Ford,Bronco II,1988,2
697,praesent id massa id nisl venenatis lacinia aenean sit amet,GMC,Acadia,2011,4
698,adipiscing elit proin risus praesent lectus vestibulum,Toyota,Matrix,2004,3
699,nam dui proin leo odio,Toyota,Celica,1984,7
700,ornare imperdiet sapien urna pretium nisl,Pontiac,Solstice,2007,4
701,rhoncus aliquam lacus morbi quis tortor id nulla ultrices aliquet,Mitsubishi,Mirage,1992,4
702,vulputate elementum nullam varius nulla,Mazda,Miata MX-5,1992,7
703,quis augue luctus tincidunt nulla mollis molestie lorem quisque ut,Mercedes-Benz,S-Class,1993,5
704,vel est donec odio justo sollicitudin ut suscipit a feugiat,Pontiac,LeMans,1992,7
705,ligula pellentesque ultrices phasellus id sapien in sapien iaculis congue,Porsche,928,1985,1
706,ipsum primis in faucibus orci luctus et,MINI,Cooper,2009,4
707,felis donec semper sapien a libero,Honda,Accord,2006,4
708,lacus morbi sem mauris laoreet,Audi,S6,2008,5
709,nisi nam ultrices libero non mattis,BMW,7 Series,2001,4
710,consequat in consequat ut nulla,Oldsmobile,Aurora,2003,5
711,nisi nam ultrices libero non mattis pulvinar nulla,Cadillac,SRX,2012,1
712,tortor risus dapibus augue vel accumsan,Infiniti,QX,2007,4
713,vestibulum proin eu mi nulla,Pontiac,Grand Prix,1965,5
714,arcu sed augue aliquam erat,Dodge,Caravan,1992,4
715,nunc proin at turpis a pede,Dodge,Grand Caravan,1995,3
716,felis eu sapien cursus vestibulum proin eu mi nulla ac,Chevrolet,Express 3500,2007,5
717,habitasse platea dictumst morbi vestibulum,Mercedes-Benz,CLK-Class,2007,3
718,eget rutrum at lorem integer tincidunt ante vel ipsum,BMW,6 Series,2010,7
719,dapibus duis at velit eu,Dodge,Ram 1500,2008,6
720,lacus morbi quis tortor id nulla ultrices aliquet maecenas leo,Pontiac,Montana,2003,1
721,ac tellus semper interdum mauris ullamcorper,Dodge,Stratus,2005,2
722,nunc purus phasellus in felis donec semper sapien a,Cadillac,SRX,2007,4
723,vulputate ut ultrices vel augue,Volkswagen,Passat,2006,6
724,turpis enim blandit mi in porttitor pede,Acura,TL,1998,5
725,leo maecenas pulvinar lobortis est phasellus sit amet erat,Volkswagen,Jetta,2003,6
726,fusce congue diam id ornare,BMW,645,2005,6
727,nam nulla integer pede justo lacinia,Nissan,Altima,2010,4
728,erat id mauris vulputate elementum nullam varius nulla facilisi,Toyota,4Runner,2004,6
729,libero nam dui proin leo odio porttitor id consequat,Ford,Fiesta,2001,3
730,lorem vitae mattis nibh ligula,Pontiac,Fiero,1988,4
731,mi nulla ac enim in tempor turpis nec euismod,Audi,Q5,2012,6
732,quam turpis adipiscing lorem vitae mattis nibh ligula nec,Lexus,ES,2007,1
733,quis lectus suspendisse potenti in,Maybach,57,2009,7
734,nulla tellus in sagittis dui vel nisl duis ac,Chevrolet,Express 2500,2010,3
735,lectus vestibulum quam sapien varius ut,Honda,CR-V,2002,6
736,nisi venenatis tristique fusce congue diam id ornare,GMC,Jimmy,1994,7
737,varius integer ac leo pellentesque ultrices,Mazda,Tribute,2001,5
738,erat volutpat in congue etiam justo etiam,GMC,Sonoma Club Coupe,1994,6
739,vehicula consequat morbi a ipsum integer a nibh in quis,Buick,LeSabre,1999,2
740,nunc commodo placerat praesent blandit nam nulla integer pede,Mazda,RX-7,1990,3
741,eu felis fusce posuere felis sed lacus morbi,Lexus,GS,2004,6
742,pede venenatis non sodales sed tincidunt,Volkswagen,New Beetle,2009,7
743,nullam porttitor lacus at turpis donec posuere metus vitae ipsum,Mazda,MPV,1991,4
744,eu mi nulla ac enim in tempor turpis nec euismod,Toyota,Tacoma,2008,7
745,natoque penatibus et magnis dis parturient,Land Rover,Range Rover,2000,3
746,risus praesent lectus vestibulum quam,Mitsubishi,Pajero,1998,4
747,elementum in hac habitasse platea dictumst,Dodge,D150 Club,1992,7
748,tortor id nulla ultrices aliquet maecenas,Honda,Prelude,1986,5
749,lacinia erat vestibulum sed magna at nunc commodo,Hyundai,Sonata,1996,5
750,lacinia erat vestibulum sed magna,Audi,80,1989,5
751,quis odio consequat varius integer ac leo,Mercury,Grand Marquis,1999,2
752,vestibulum rutrum rutrum neque aenean auctor gravida sem praesent,Mercedes-Benz,S-Class,2004,1
753,sollicitudin ut suscipit a feugiat,Infiniti,G37,2008,1
754,non interdum in ante vestibulum ante ipsum primis,Bentley,Continental Flying Spur,2012,3
755,convallis morbi odio odio elementum eu interdum eu tincidunt in,Subaru,Justy,1987,6
756,morbi sem mauris laoreet ut rhoncus aliquet pulvinar,GMC,Jimmy,1998,3
757,integer non velit donec diam neque vestibulum eget vulputate,Saab,9-7X,2006,3
758,mauris ullamcorper purus sit amet nulla,GMC,Savana 1500,2005,5
759,eget semper rutrum nulla nunc purus,Mercedes-Benz,CL-Class,2010,6
760,blandit mi in porttitor pede,Ford,E250,2006,7
761,dolor sit amet consectetuer adipiscing,BMW,760,2006,1
762,velit id pretium iaculis diam erat fermentum justo nec,Ford,Thunderbird,2005,6
763,molestie lorem quisque ut erat curabitur gravida nisi,Nissan,240SX,1993,4
764,nisl aenean lectus pellentesque eget nunc donec quis orci,GMC,1500 Club Coupe,1998,1
765,et magnis dis parturient montes nascetur ridiculus mus vivamus vestibulum,Mercedes-Benz,400SEL,1993,7
766,integer aliquet massa id lobortis convallis tortor risus,Chevrolet,Tahoe,2005,2
767,lorem ipsum dolor sit amet consectetuer adipiscing elit proin risus,Mercedes-Benz,S-Class,2010,5
768,amet sapien dignissim vestibulum vestibulum ante ipsum primis in faucibus,Jeep,Liberty,2005,1
769,morbi quis tortor id nulla ultrices aliquet maecenas,Jeep,Grand Cherokee,1996,1
770,in blandit ultrices enim lorem ipsum dolor sit amet,Plymouth,Acclaim,1995,1
771,risus semper porta volutpat quam pede lobortis ligula sit amet,Hyundai,Sonata,2003,1
772,a ipsum integer a nibh in quis,Audi,80,1989,1
773,condimentum id luctus nec molestie sed justo pellentesque viverra,Volkswagen,GTI,2004,6
774,orci eget orci vehicula condimentum curabitur in libero ut,Infiniti,EX,2009,3
775,non pretium quis lectus suspendisse potenti in eleifend,Hyundai,Elantra,2006,5
776,consequat morbi a ipsum integer a nibh,Lexus,LS,1990,7
777,sed lacus morbi sem mauris,Chevrolet,Corvette,1970,2
778,luctus rutrum nulla tellus in sagittis dui,Kia,Spectra,2009,2
779,lacus morbi quis tortor id nulla,Suzuki,Esteem,1998,5
780,interdum venenatis turpis enim blandit mi in porttitor pede justo,GMC,Sonoma Club Coupe,1994,6
781,nunc proin at turpis a pede posuere nonummy integer,Toyota,Prius,2006,5
782,ac nulla sed vel enim sit amet nunc viverra,Geo,Tracker,1996,2
783,in quis justo maecenas rhoncus aliquam lacus morbi quis tortor,BMW,7 Series,2008,7
784,nisi at nibh in hac habitasse platea,Jaguar,XK Series,2003,7
785,quam suspendisse potenti nullam porttitor lacus,Alfa Romeo,164,1995,5
786,donec odio justo sollicitudin ut suscipit,Suzuki,Grand Vitara,2002,2
787,id luctus nec molestie sed justo pellentesque viverra pede ac,Porsche,944,1990,1
788,platea dictumst maecenas ut massa quis augue luctus tincidunt,Ford,Explorer Sport Trac,2008,6
789,sem sed sagittis nam congue risus semper porta,Volkswagen,Jetta,2000,6
790,fringilla rhoncus mauris enim leo rhoncus,Mercedes-Benz,GL-Class,2008,4
791,sit amet turpis elementum ligula vehicula consequat morbi a ipsum,Ford,Mustang,1973,2
792,pellentesque at nulla suspendisse potenti cras,Jeep,Commander,2006,3
793,adipiscing molestie hendrerit at vulputate vitae nisl,Ford,Bronco II,1985,2
794,nisi volutpat eleifend donec ut dolor morbi,Nissan,Versa,2011,1
795,vestibulum aliquet ultrices erat tortor sollicitudin mi,Isuzu,Ascender,2007,7
796,donec semper sapien a libero nam dui,Mitsubishi,Lancer,2012,1
797,curabitur gravida nisi at nibh in hac habitasse platea dictumst,Chevrolet,Camaro,2010,5
798,mauris eget massa tempor convallis nulla neque libero convallis eget,Mercedes-Benz,C-Class,2007,4
799,enim sit amet nunc viverra dapibus nulla,GMC,Savana 1500,2008,5
800,dis parturient montes nascetur ridiculus mus etiam,Saab,9-3,2008,4
801,vestibulum ac est lacinia nisi venenatis tristique fusce congue,Pontiac,Grand Prix,1986,6
802,libero rutrum ac lobortis vel dapibus,Chevrolet,Monte Carlo,1996,4
803,sapien cursus vestibulum proin eu mi nulla ac enim,Lexus,GS,2011,1
804,ipsum primis in faucibus orci luctus et ultrices,Audi,A4,1998,4
805,habitasse platea dictumst maecenas ut massa quis augue,Audi,S5,2009,5
806,in congue etiam justo etiam,Dodge,Stealth,1993,1
807,nec dui luctus rutrum nulla,Ford,Expedition EL,2009,3
808,hac habitasse platea dictumst maecenas,BMW,M3,1999,4
809,natoque penatibus et magnis dis parturient,Land Rover,Range Rover,2004,4
810,commodo vulputate justo in blandit ultrices enim lorem,Ford,Focus,2007,3
811,in lectus pellentesque at nulla,BMW,M3,2003,6
812,justo morbi ut odio cras mi pede malesuada in,Pontiac,Grand Prix,1967,1
813,eu interdum eu tincidunt in leo maecenas pulvinar lobortis,Porsche,Boxster,2002,4
814,ac leo pellentesque ultrices mattis,Chrysler,Town & Country,1996,4
815,augue vestibulum rutrum rutrum neque aenean auctor gravida sem,Mitsubishi,Precis,1993,5
816,mattis nibh ligula nec sem,Tesla,Roadster,2011,6
817,ipsum dolor sit amet consectetuer adipiscing elit proin risus,Merkur,XR4Ti,1985,1
818,adipiscing elit proin risus praesent lectus vestibulum quam sapien,Mazda,RX-7,1983,5
819,at nunc commodo placerat praesent blandit nam nulla integer,Mercury,Milan,2009,1
820,justo in hac habitasse platea dictumst,Ford,Taurus,1987,3
821,ipsum dolor sit amet consectetuer adipiscing elit,Isuzu,Ascender,2007,6
822,euismod scelerisque quam turpis adipiscing lorem vitae mattis nibh,Audi,4000s,1985,2
823,fusce posuere felis sed lacus morbi sem mauris laoreet ut,Subaru,Impreza,2005,4
824,diam erat fermentum justo nec condimentum neque,Eagle,Vision,1996,5
825,dapibus nulla suscipit ligula in lacus curabitur at ipsum,Volkswagen,Golf,2000,5
826,turpis enim blandit mi in porttitor pede,Oldsmobile,Silhouette,1994,7
827,sed interdum venenatis turpis enim blandit mi in porttitor pede,GMC,Yukon XL 1500,2005,5
828,elit proin interdum mauris non ligula pellentesque ultrices phasellus,Audi,A6,2002,1
829,lobortis vel dapibus at diam nam tristique tortor eu,Audi,A3,2011,5
830,ornare consequat lectus in est risus auctor sed,Hyundai,Tiburon,1997,5
831,donec semper sapien a libero nam dui proin leo odio,Lexus,GX,2005,6
832,justo sit amet sapien dignissim vestibulum vestibulum ante ipsum,Kia,Rio,2003,7
833,nulla eget eros elementum pellentesque quisque porta,Toyota,Echo,2004,3
834,augue vel accumsan tellus nisi eu,Chevrolet,Monte Carlo,2002,4
835,et eros vestibulum ac est lacinia nisi venenatis tristique,Honda,Prelude,1986,7
836,felis donec semper sapien a libero,Mitsubishi,Cordia,1988,4
837,turpis donec posuere metus vitae,Chevrolet,3500,1994,4
838,orci luctus et ultrices posuere cubilia curae duis faucibus accumsan,Lexus,SC,1997,3
839,neque vestibulum eget vulputate ut ultrices vel augue vestibulum ante,Toyota,Land Cruiser,2011,4
840,et commodo vulputate justo in,Chrysler,Voyager,2000,7
841,cubilia curae mauris viverra diam vitae quam,Chevrolet,Camaro,1969,4
842,consequat nulla nisl nunc nisl duis bibendum felis sed interdum,Mitsubishi,Starion,1984,1
843,pede malesuada in imperdiet et commodo vulputate justo in blandit,Mazda,Mazda6,2007,7
844,lorem integer tincidunt ante vel ipsum praesent,Chevrolet,Venture,2005,5
845,habitasse platea dictumst morbi vestibulum,Kia,Rondo,2010,5
846,convallis nunc proin at turpis a,Jaguar,X-Type,2002,2
847,metus aenean fermentum donec ut mauris eget massa tempor,Aston Martin,V8 Vantage,2009,2
848,at diam nam tristique tortor eu pede,Lotus,Esprit,1994,4
849,augue vestibulum ante ipsum primis in faucibus orci,Pontiac,Bonneville,1994,6
850,ac diam cras pellentesque volutpat dui maecenas,Lincoln,Continental,1989,3
851,velit donec diam neque vestibulum eget,Nissan,200SX,1995,4
852,orci mauris lacinia sapien quis libero,Volkswagen,CC,2010,5
853,risus semper porta volutpat quam pede lobortis ligula sit amet,Saturn,Ion,2003,7
854,ipsum ac tellus semper interdum mauris ullamcorper purus sit,Suzuki,Esteem,1997,5
855,tristique fusce congue diam id ornare imperdiet sapien,Ford,E-Series,2011,6
856,vestibulum ac est lacinia nisi venenatis,Lexus,IS F,2011,2
857,rutrum neque aenean auctor gravida sem praesent id,Pontiac,Grand Am,2001,4
858,semper rutrum nulla nunc purus phasellus in,Chevrolet,Uplander,2007,4
859,condimentum curabitur in libero ut massa,Honda,Ridgeline,2009,5
860,justo eu massa donec dapibus duis,Chevrolet,Express 3500,2012,5
861,at dolor quis odio consequat,Toyota,Solara,2004,7
862,vestibulum ante ipsum primis in faucibus orci luctus et,Pontiac,Vibe,2007,7
863,natoque penatibus et magnis dis parturient montes nascetur,Toyota,Sienna,2002,2
864,massa id nisl venenatis lacinia aenean sit amet,Subaru,SVX,1993,4
865,curae nulla dapibus dolor vel est,GMC,Savana 3500,1996,3
866,morbi porttitor lorem id ligula suspendisse ornare consequat lectus,Acura,NSX,2000,1
867,sed ante vivamus tortor duis,Infiniti,M,2003,4
868,in lectus pellentesque at nulla suspendisse potenti cras in purus,Buick,Coachbuilder,1995,1
869,viverra pede ac diam cras pellentesque volutpat dui maecenas tristique,Chevrolet,Express 1500,2009,5
870,egestas metus aenean fermentum donec ut mauris,Chevrolet,Express 2500,1998,4
871,libero non mattis pulvinar nulla,Pontiac,G5,2008,5
872,suscipit nulla elit ac nulla sed vel,Chevrolet,Corsica,1992,4
873,habitasse platea dictumst aliquam augue quam sollicitudin vitae consectetuer eget,Hyundai,Accent,2003,1
874,faucibus orci luctus et ultrices,Volvo,C70,1998,3
875,eget rutrum at lorem integer tincidunt ante vel ipsum praesent,Suzuki,Daewoo Magnus,2006,3
876,aliquam non mauris morbi non lectus aliquam sit amet,Dodge,Grand Caravan,1994,2
877,in eleifend quam a odio,Maserati,430,1989,5
878,diam cras pellentesque volutpat dui maecenas tristique,Hummer,H1,2003,1
879,non ligula pellentesque ultrices phasellus id sapien in sapien iaculis,Cadillac,Eldorado,1993,1
880,montes nascetur ridiculus mus etiam vel augue,Acura,MDX,2012,6
881,faucibus orci luctus et ultrices posuere cubilia curae mauris,Ford,Taurus,2010,4
882,a nibh in quis justo maecenas rhoncus,Mercury,Cougar,1985,4
883,dui luctus rutrum nulla tellus in sagittis,BMW,530,2004,5
884,primis in faucibus orci luctus et,Mazda,Mazda6,2004,3
885,morbi quis tortor id nulla ultrices aliquet maecenas,Nissan,Altima,2007,3
886,primis in faucibus orci luctus et ultrices posuere cubilia,Mazda,B-Series,2004,7
887,lorem ipsum dolor sit amet consectetuer adipiscing,Nissan,Pathfinder,2007,4
888,faucibus accumsan odio curabitur convallis duis consequat dui nec nisi,Toyota,Paseo,1996,3
889,convallis duis consequat dui nec nisi volutpat eleifend,Mazda,B-Series Plus,1992,3
890,blandit ultrices enim lorem ipsum dolor sit,Mercury,Topaz,1990,7
891,eget congue eget semper rutrum,Mercury,Grand Marquis,2008,2
892,curabitur gravida nisi at nibh in hac habitasse platea,Honda,Accord,1992,2
893,id nisl venenatis lacinia aenean sit amet justo morbi ut,Kia,Sportage,2005,5
894,ligula in lacus curabitur at,Mercedes-Benz,C-Class,2006,6
895,a odio in hac habitasse platea dictumst maecenas ut,Volkswagen,R32,2008,2
896,quam nec dui luctus rutrum nulla tellus in sagittis dui,Mercedes-Benz,C-Class,1993,3
897,curae donec pharetra magna vestibulum,Oldsmobile,Silhouette,1996,4
898,pellentesque quisque porta volutpat erat,Nissan,Murano,2005,5
899,blandit lacinia erat vestibulum sed,Lincoln,Town Car,1996,4
900,lorem vitae mattis nibh ligula nec sem duis aliquam,Mercedes-Benz,S-Class,1985,6
901,nunc rhoncus dui vel sem sed sagittis nam congue risus,Volkswagen,riolet,1993,1
902,justo in blandit ultrices enim,Oldsmobile,88,1992,2
903,hac habitasse platea dictumst maecenas ut,GMC,Yukon XL 1500,2009,1
904,massa id nisl venenatis lacinia,Porsche,Boxster,2001,5
905,mattis nibh ligula nec sem duis aliquam convallis nunc proin,Buick,Century,1997,3
906,nec euismod scelerisque quam turpis adipiscing lorem vitae,Suzuki,Reno,2005,7
907,ante vestibulum ante ipsum primis in faucibus,Ford,Econoline E350,1995,2
908,diam in magna bibendum imperdiet,Toyota,Tundra,2004,7
909,aliquet at feugiat non pretium quis lectus suspendisse,Ford,LTD Crown Victoria,1993,3
910,turpis adipiscing lorem vitae mattis nibh ligula nec sem duis,Plymouth,Voyager,1996,6
911,lacus at velit vivamus vel nulla eget eros elementum pellentesque,Hyundai,Elantra,1998,4
912,feugiat non pretium quis lectus suspendisse potenti in eleifend,Toyota,Celica,1993,4
913,luctus cum sociis natoque penatibus et,Ford,E250,2012,3
914,aliquam erat volutpat in congue etiam justo,Lexus,LS,2006,3
915,in consequat ut nulla sed accumsan felis ut,GMC,3500,1995,5
916,vulputate luctus cum sociis natoque penatibus et magnis,Dodge,Omni,1978,5
917,ut massa volutpat convallis morbi odio odio elementum eu,Buick,LeSabre,1992,6
918,mi nulla ac enim in tempor turpis nec euismod,Dodge,Ram Van 2500,1997,6
919,sit amet diam in magna bibendum imperdiet nullam orci pede,Chevrolet,Astro,2002,3
920,nam nulla integer pede justo lacinia eget,Chevrolet,Corvette,2000,1
921,cras in purus eu magna,Porsche,Panamera,2013,5
922,erat id mauris vulputate elementum nullam varius nulla facilisi,Ford,Aerostar,1995,3
923,viverra dapibus nulla suscipit ligula in lacus curabitur,Toyota,Camry,2008,4
924,dolor sit amet consectetuer adipiscing elit proin,Chevrolet,Malibu,2008,4
925,montes nascetur ridiculus mus etiam vel augue,Subaru,Loyale,1993,6
926,convallis nunc proin at turpis,Maybach,57,2011,6
927,quam nec dui luctus rutrum,Chevrolet,S10,1998,5
928,morbi odio odio elementum eu interdum eu tincidunt in leo,Ford,Explorer,1992,2
929,vestibulum eget vulputate ut ultrices vel augue vestibulum ante ipsum,Volvo,V90,1997,1
930,varius nulla facilisi cras non velit nec nisi vulputate nonummy,Dodge,Magnum,2007,3
931,donec quis orci eget orci,Chevrolet,Traverse,2012,5
932,tincidunt eget tempus vel pede morbi,Buick,Park Avenue,2000,5
933,at velit vivamus vel nulla eget eros elementum pellentesque,Chrysler,300,2008,7
934,pede justo lacinia eget tincidunt eget,Pontiac,Gemini,1988,1
935,mauris lacinia sapien quis libero nullam sit amet turpis,Pontiac,Firebird,1992,2
936,vel sem sed sagittis nam congue risus semper porta volutpat,Nissan,Altima,2011,5
937,habitasse platea dictumst maecenas ut massa,Buick,Skyhawk,1987,2
938,ligula pellentesque ultrices phasellus id sapien in sapien iaculis congue,Nissan,Sentra,2001,4
939,erat tortor sollicitudin mi sit amet lobortis sapien sapien non,BMW,M3,2009,6
940,aliquet pulvinar sed nisl nunc rhoncus dui vel sem sed,Volkswagen,GTI,2010,2
941,eget vulputate ut ultrices vel augue vestibulum ante ipsum,Lexus,LS,1994,5
942,viverra pede ac diam cras pellentesque,Mercury,Capri,1992,6
943,faucibus accumsan odio curabitur convallis duis consequat dui,GMC,Savana 3500,2009,6
944,vestibulum proin eu mi nulla ac enim in tempor,BMW,M3,2004,2
945,interdum mauris ullamcorper purus sit amet,Honda,Odyssey,2000,5
946,consequat nulla nisl nunc nisl duis bibendum felis sed,Mercedes-Benz,SLK-Class,2001,2
947,mus vivamus vestibulum sagittis sapien cum sociis natoque penatibus,Saturn,Sky,2007,5
948,odio cras mi pede malesuada in imperdiet,Eagle,Summit,1995,4
949,sodales scelerisque mauris sit amet eros suspendisse,Mazda,Protege5,2002,4
950,lectus suspendisse potenti in eleifend quam,Lexus,LS,2008,3
951,fusce lacus purus aliquet at feugiat non pretium quis lectus,Mazda,Mazda6,2007,2
952,a nibh in quis justo maecenas rhoncus aliquam,Volkswagen,GLI,2009,1
953,arcu libero rutrum ac lobortis,Volvo,XC70,2007,4
954,vestibulum proin eu mi nulla ac enim,Acura,TL,2003,5
955,quam sollicitudin vitae consectetuer eget rutrum at lorem,Nissan,240SX,1996,2
956,amet justo morbi ut odio cras mi pede malesuada,Lincoln,MKZ,2009,2
957,fermentum donec ut mauris eget massa tempor convallis nulla neque,Chevrolet,Impala,2006,3
958,dictumst maecenas ut massa quis augue luctus tincidunt nulla mollis,Toyota,Tundra,2007,2
959,vivamus metus arcu adipiscing molestie,Mercury,Grand Marquis,1996,6
960,morbi sem mauris laoreet ut rhoncus,Land Rover,Discovery,2010,2
961,at lorem integer tincidunt ante vel ipsum praesent blandit lacinia,Audi,90,1990,7
962,vestibulum ante ipsum primis in faucibus orci,Oldsmobile,Intrigue,2002,4
963,enim leo rhoncus sed vestibulum sit amet cursus id turpis,Buick,Enclave,2009,7
964,cursus urna ut tellus nulla,Chrysler,300,2011,6
965,ligula suspendisse ornare consequat lectus in est risus auctor,Saturn,VUE,2005,3
966,sed magna at nunc commodo placerat praesent,Mazda,B-Series Plus,2004,5
967,integer aliquet massa id lobortis convallis,Mercedes-Benz,R-Class,2012,6
968,lectus in est risus auctor,Mazda,MX-6,1992,5
969,vulputate vitae nisl aenean lectus pellentesque eget nunc,Nissan,Murano,2004,6
970,amet nulla quisque arcu libero rutrum,Buick,Skylark,1993,1
971,sit amet nulla quisque arcu libero,Jaguar,S-Type,2008,2
972,felis sed lacus morbi sem,GMC,Yukon XL 2500,2008,3
973,potenti nullam porttitor lacus at,Audi,S8,2009,5
974,in quis justo maecenas rhoncus aliquam lacus,Hyundai,Santa Fe,2004,6
975,id luctus nec molestie sed justo pellentesque viverra,Lexus,RX,2012,4
976,nunc vestibulum ante ipsum primis in faucibus orci,MINI,Clubman,2011,7
977,in felis eu sapien cursus vestibulum proin eu mi nulla,Mercury,Cougar,2000,7
978,integer ac neque duis bibendum morbi non quam,Audi,Coupe Quattro,1991,6
979,tristique est et tempus semper est quam pharetra magna,Plymouth,Laser,1992,4
980,varius nulla facilisi cras non velit nec,Audi,S4,2002,5
981,posuere cubilia curae mauris viverra diam vitae quam suspendisse potenti,Chevrolet,S10,2003,5
982,sapien placerat ante nulla justo aliquam,Chevrolet,Corvette,2005,1
983,morbi non lectus aliquam sit amet diam in magna,Lexus,IS,2009,6
984,elementum nullam varius nulla facilisi cras non velit nec nisi,Chrysler,PT Cruiser,2003,6
985,volutpat dui maecenas tristique est et tempus,Volvo,S40,2008,4
986,sit amet nulla quisque arcu libero rutrum ac lobortis vel,Ford,Taurus,2002,5
987,justo aliquam quis turpis eget elit sodales scelerisque,Scion,xA,2006,6
988,rutrum neque aenean auctor gravida sem,Maybach,57,2011,4
989,convallis nulla neque libero convallis eget eleifend luctus ultricies eu,Suzuki,Aerio,2003,3
990,aenean fermentum donec ut mauris eget,Mercedes-Benz,SL-Class,2004,6
991,nisi eu orci mauris lacinia sapien quis,Dodge,Dakota Club,2002,5
992,nulla facilisi cras non velit nec nisi vulputate,GMC,Sierra 2500,2001,2
993,gravida sem praesent id massa,Audi,A6,2012,6
994,scelerisque mauris sit amet eros suspendisse,Chevrolet,Corvette,2012,4
995,convallis nulla neque libero convallis eget eleifend luctus,Ford,Windstar,1999,4
996,ipsum praesent blandit lacinia erat vestibulum sed magna,GMC,Sierra,2008,2
997,sed accumsan felis ut at dolor,Hyundai,Santa Fe,2005,2
998,velit id pretium iaculis diam erat fermentum justo,Buick,Park Avenue,2003,4
999,dui proin leo odio porttitor id consequat in,Audi,A6,2007,6
1000,primis in faucibus orci luctus,Nissan,Rogue,2010,6
